tractID,disposable_income
32400,12232.0095
10100,22077.84024
10200,20488.60531
10300,15514.61337
10400,35131.00534
10500,26533.77878
10600,20068.55733
10700,9521.31211
10800,45263.96035
10900,4872.965641
11000,23291.68331
11100,20961.25646
11200,34957.37532
11300,25202.30538
11400,34451.06285
11500,31169.25808
11600,22312.28399
2000,19605.48063
2200,27755.40986
2300,30594.58021
2400,37706.10776
2700,27318.94126
2800,9074.362611
2900,32965.8603
3000,10248.75026
3100,14689.87193
3500,32497.9508
4000,26931.10945
4101,13480.06395
4102,18492.37501
4200,15042.2573
4300,15403.34716
4400,11033.85649
4500,15001.93786
4600,4310.274155
4700,20848.51504
4800,34678.38555
4900,16925.9984
5200,13562.68316
5300,22375.20887
5400,50802.67246
5500,20790.04771
5600,14262.83631
5801,14881.59011
5802,94500.70808
5900,39006.31363
6000,12209.78598
6100,19328.06108
6200,9618.817915
6300,18251.33731
13400,26165.1491
13500,24910.91013
13600,7911.279242
13700,15687.77429
14200,24365.1765
14300,21890.76184
15100,18984.37725
13800,28418.48918
13900,28899.48067
18400,52642.51234
18500,51655.61188
18600,37904.28263
18800,40259.133
18900,46899.08594
19000,26379.42752
19100,38031.64982
19200,78131.48138
19300,33424.93624
19400,40206.79584
100,21844.06438
200,13104.31563
300,18518.35032
400,34533.87503
500,26328.21317
700,20328.21399
800,31017.50465
902,12849.11103
1000,34290.85028
1100,22123.30832
1201,38644.40093
1202,4378.503284
1300,23374.58046
1400,23733.34762
1800,3665.884995
1900,13218.94586
52904,36299.80856
54300,36282.54704
53403,38150.25872
53603,49774.84193
53905,39459.09871
54202,65317.22243
54201,46119.69319
50704,40907.90407
53707,52707.38372
52204,66756.56597
53904,52548.76421
53404,38747.39914
53604,46911.13638
720001,16566.52918
732103,24515.96616
735101,16734.00677
980000,0
980100,0
722002,21232.89554
732104,29659.82728
735001,27181.99521
735002,32658.52851
735103,27141.34203
724000,24357.58568
728000,10561.76627
731002,32220.20354
731103,26347.83503
731101,28865.02562
731204,17387.7588
731205,15005.09826
713800,34733.72442
713000,22902.49553
713100,28411.94455
713203,19003.70831
713401,31327.87521
713300,12499.20975
713500,23840.65925
713600,36651.61487
713700,51692.44104
713900,15808.04448
714000,21722.39651
714100,18792.80986
714200,26319.11433
714300,31007.79888
714400,26347.21017
722100,29384.64133
722200,12877.47986
722300,45297.10874
722500,24635.12319
722600,26896.77744
722702,31600.94645
722800,28001.50831
722900,31809.44941
723000,33908.1043
723200,40760.42927
723300,26830.58155
723400,32959.76491
723500,22259.3495
723600,25298.6509
726000,29773.77966
732002,22070.90112
722401,26922.39236
723100,34678.22782
727001,25165.30963
736002,24169.28751
717501,27011.89651
717001,32366.54223
717101,39329.47359
717002,29304.22806
717200,44329.07278
717300,37354.95973
717400,21823.53811
735104,20418.20846
736105,20626.34678
715902,9757.434631
739100,12596.63133
720205,20973.66257
715901,27398.03865
720206,25583.79722
722001,26200.02474
183200,7312.764456
182100,7789.84511
181300,10364.42197
203600,25227.62623
124323,24278.76772
124322,27310.54918
124602,34129.32927
124800,20672.14453
182600,18973.20466
124402,26610.64087
163500,47707.00582
256805,42754.82547
133701,18916.49009
133702,28121.33793
154001,37340.44664
154002,32574.41641
175301,7157.159476
175701,14855.63051
175703,19638.77028
175704,23205.49003
175801,8448.984008
175802,6257.812961
180201,25271.91251
196402,33175.57086
216701,53130.1478
175401,5004.968934
175402,5732.583881
175601,49718.74858
175602,9075.632018
180202,10442.80485
182302,3046.972131
183101,12562.09697
183102,17532.48996
196401,39383.53354
124500,22654.28993
175500,7526.829728
124321,27289.49119
181400,4487.482074
256804,43794.98333
246104,33567.26025
124200,27919.80558
143300,29219.97012
143200,33122.76981
181900,15071.6982
181000,15414.44247
181100,9471.393688
180900,5434.459058
175900,8223.41708
246103,47397.85154
143400,27598.23736
125100,10874.9819
256803,28821.65474
181800,4854.124228
182500,18530.94795
124312,40554.23946
182400,16066.44651
182900,10046.55943
182200,-159.9322322
246003,47093.07472
183000,8356.289122
182700,11913.02989
182000,779.194214
180800,9099.62538
181200,10282.63168
181702,8957.896673
182800,5269.567074
181500,6254.84304
180700,10443.24766
124601,18610.27992
246001,35050.34274
246102,24217.95703
124401,30905.05696
116500,31755.41583
246002,61651.05322
256801,38353.72244
256802,38896.02811
180300,12503.47266
180600,8960.590214
246101,30907.06894
180100,23499.29877
124900,16909.69806
246201,48061.92022
175200,4738.018154
223900,0
246202,49618.27952
124311,36534.0539
125000,18875.40433
124700,23070.66886
246203,46941.54425
246300,27761.70305
17700,17242.32879
17800,18452.19818
17900,34718.46544
18000,20730.17591
18100,26981.70354
15300,14832.13506
15500,10211.39867
15600,11671.92787
15700,12573.73871
15900,12278.85333
16000,8209.316963
600,21325.4561
6600,31985.8555
7400,74771.9827
7700,53451.48808
7800,3498.241088
14101,47321.6793
15001,31960.62886
15201,42444.62223
15202,23101.06386
15801,82345.42341
18301,82914.90621
18302,85454.72828
18702,41164.78555
20100,0
12300,21837.77206
12400,49532.22095
12500,42811.69844
12600,33258.99073
12700,27930.69325
12800,22826.84709
12900,28335.66169
13000,19307.57804
13100,30014.01199
13200,18298.10688
13300,29055.4315
14000,23368.45086
14400,31269.03336
14600,22184.76095
14700,26714.85896
14800,15992.83273
14900,14497.00858
18200,26251.98667
16100,8929.147467
16200,11423.67221
16300,14814.84668
16400,24205.31297
16500,19653.77355
16600,7657.057705
16700,16092.35025
16800,27022.09469
16900,11720.85261
17000,20143.36837
17100,25747.79051
17200,18818.62468
17300,27049.80658
17400,16996.0759
17500,19747.26597
17600,12741.1787
19900,44988.24086
980100,0
6400,38074.55623
6500,26959.75379
6700,6244.466601
6800,14573.55307
7000,26178.86103
7500,45572.9302
14102,23810.15204
14501,16887.67487
14502,6021.581863
15002,7615.812575
18701,55760.13717
20000,28576.57558
1701,25189.39786
6900,0
7100,12985.50825
7200,47838.7436
7300,46020.42297
7600,74306.9441
15802,11023.59181
19800,36349.07443
45200,35843.37728
41000,29038.78471
45603,26597.25165
40803,39862.33942
41702,36418.41512
43301,54438.56433
43302,43008.52489
43303,58181.80576
43401,40654.90387
43402,61060.54943
41100,29759.90209
40801,49929.962
40900,41306.58876
44401,52908.52234
40500,23196.07975
43700,34927.20436
43800,20329.26451
42301,49833.71061
42302,27852.67897
43500,4691.818361
43600,14383.93149
40600,31558.70064
42700,46371.35175
42800,58758.30241
43900,34746.54583
44000,46849.13163
45901,23011.29348
41200,49022.08177
45401,28098.91489
45402,34129.96732
40804,39562.26419
40805,43158.99848
46201,36910.27632
46000,23894.47478
41601,44278.31837
41602,40816.95718
41603,31098.20922
41604,47695.77064
44701,29460.27797
45902,57783.87732
44702,42413.89273
41300,28984.55288
41400,38539.1427
41500,50998.80368
44403,53760.78316
44501,27356.91082
44800,21958.61891
44900,30031.84502
45000,19206.35754
41901,29965.98854
41902,51368.9696
42600,35317.57313
41701,28570.29139
41704,43915.53127
41801,18371.5459
41802,28170.60822
41803,52938.64727
40200,34983.7854
40300,29658.57312
40400,36258.2792
44300,29243.70114
42500,50560.60993
42000,44861.80346
42100,40513.73926
42200,40036.9225
44200,69582.82754
44404,41223.69473
46103,29991.75077
46105,25312.30122
46104,25670.00093
44601,42065.78609
44602,34640.80352
46106,49003.43036
45502,48198.94867
45300,38829.50844
40701,44189.27658
40702,58251.93313
44502,30901.2438
45501,37918.55443
46297,46089.73739
46202,46726.58593
46298,35075.92408
45100,29332.93742
45602,22116.85348
45703,55489.50363
45704,62695.37613
45804,50247.6796
46400,34943.79279
46300,49429.59237
40101,38082.83869
40102,34333.2544
44101,44415.42705
45701,52807.00234
44102,41534.43005
42900,24998.1196
43000,29140.36587
43100,60265.86636
43200,37222.74111
41705,10872.69356
41706,25658.37827
31200,27077.18259
32102,34996.69091
32200,31818.6466
31102,36188.95937
31101,29579.95566
32400,28468.48739
31301,35258.91332
31302,28033.23773
31800,36516.89702
31900,38101.28115
31500,29729.98029
32101,31699.15732
32000,19679.91257
31601,30414.86089
32300,39230.10397
31602,23141.10168
30600,13897.80474
31700,21598.95988
30700,17344.98957
31401,21437.6658
30900,10085.34207
30800,22412.46854
31402,19977.25446
223801,20036.8615
223802,32343.30209
236601,40939.46602
236602,34284.24054
264101,30045.06012
264102,26167.34621
264200,3877.473784
182301,3867.514673
175302,5243.029203
216702,38180.09893
37201,32523.43051
51100,31381.69989
53200,57085.21813
15300,17367.15047
25200,43610.99323
47100,48329.96047
11200,21192.47788
30400,23486.67666
31300,33245.82732
10200,25408.02699
25100,35015.40793
31200,26709.98697
51300,25699.74909
38300,30883.60477
39300,49644.55855
21600,21521.66371
41100,14685.5514
48200,49873.82003
47500,41570.84978
30100,19092.19419
35200,55582.83875
38200,34863.88243
10100,37404.21709
50000,25419.6716
37202,22052.30897
51200,49848.4912
43002,38422.09811
49002,40177.16355
42302,59849.15101
11300,39823.33566
43001,47124.98384
45200,36562.03416
31400,31644.85129
6100,19689.32726
17400,50063.67769
54100,24544.14011
10300,40311.78947
47300,108381.8382
47200,82374.54474
49001,55356.134
42400,56516.70207
35100,40292.75645
54600,43831.45915
3100,38743.32503
46100,25459.82592
3500,17898.98734
6300,29161.95196
58100,55477.19776
54400,32037.80587
54300,63607.07011
7001,38456.93341
42100,41746.38732
48100,31661.5771
56200,35449.73188
36200,25173.75661
36100,30925.49397
57200,29233.70452
29100,21924.89487
28001,17579.18845
46200,27431.32768
55100,53744.2455
51400,40551.65148
9100,55038.6122
8000,35523.71454
45100,18742.94662
55200,34077.40955
57101,30270.71478
15100,49187.05958
56100,47790.77936
58200,38312.11808
61100,57702.60133
21100,21720.2511
11100,34144.09549
42301,48073.37079
26100,49479.73634
39200,40886.18965
46300,14949.64975
20100,40438.4945
59200,32038.65765
61400,51473.87898
27000,63047.38013
2200,31004.73665
22100,63662.59123
38100,28580.4762
3200,21795.35016
33100,35702.49343
33200,33810.69911
54500,39234.96389
47400,29034.9974
17100,43894.44502
5000,27446.6143
9200,49729.47366
54200,23017.80065
2100,70644.35853
59100,26609.07249
7002,42134.15455
2300,32724.95402
3402,44495.34809
3401,41453.84297
37100,41018.6842
21300,22955.1127
11400,28303.80746
15500,35428.41965
15400,14959.05295
16000,34862.26913
17300,40880.95254
4002,36506.04519
6201,31374.1281
12001,26897.60408
12002,32337.41763
13002,28861.3503
19103,26479.20692
19104,34680.21823
19203,29826.23839
19204,12978.58134
19303,31269.57806
44100,45580.41025
17500,39992.61069
52100,42392.58402
34000,33035.89837
17200,28477.23227
15200,23788.32099
19304,22718.07112
19305,37251.5549
23301,31951.18432
23302,35311.04312
32103,28959.3877
32104,26901.59113
32201,34068.82403
32202,36200.8956
14000,38126.4547
39100,44535.64151
18200,17131.55167
18100,10358.21245
19102,16464.01705
21500,18243.61818
42500,40187.99066
40001,62104.27473
40002,33147.60112
41301,17159.40036
41302,26889.07437
44201,61402.35147
44202,40420.67734
23502,23489.65294
23602,16784.42039
3300,39204.70453
19202,28802.58399
28002,34749.99357
53100,26653.64563
20200,66851.99487
52200,30946.0035
21400,20775.96255
4001,26377.36006
6202,36894.8259
19306,39378.98461
23601,5860.301443
13001,29012.22459
23501,17010.27602
41200,27732.70573
61300,74654.81736
21200,23445.40916
26200,45585.24926
29200,23401.90402
30200,18070.78245
57102,22730.33064
60000,40539.86747
31100,32712.74905
22200,51873.87774
30300,27687.10481
23402,23894.52715
24200,42100.81201
23401,36477.60546
24100,46103.95801
32102,46434.2278
23200,22126.98811
23100,21430.07492
61200,48650.7756
1000,43936.90368
33300,32932.41491
1402,13273.95708
1500,12196.08248
1600,7885.917512
1700,9866.637901
1800,21386.8564
1900,7694.181915
2000,2825.227485
2100,12827.87089
2200,21076.88475
2701,30482.15216
2400,0
4301,43308.36084
4304,62950.74728
4407,41451.16665
4306,64756.11877
3301,54992.02932
2904,50814.54816
4307,56964.41002
1102,3090.407797
3905,71109.67214
4501,55707.92726
1101,20104.81977
3904,59662.12634
4309,42225.88715
4310,33638.72698
4502,35699.41646
4406,28173.52344
4403,25404.15389
4405,40268.01577
4404,34297.50325
3400,28046.85592
3500,24126.91783
3601,25083.35092
3602,24824.81773
3705,32589.44441
3704,47227.96958
2602,25950.69145
3703,37501.75627
100,16246.559
2500,26579.09484
2702,20006.73828
2800,19084.55944
2601,24306.81314
2903,43420.64645
2902,21844.35645
3001,50882.36572
3002,47220.95678
3003,45815.51178
3009,27947.28716
3006,41623.64966
3007,41078.82184
3008,33173.67829
3004,36515.23588
3902,43405.78306
3800,37808.03637
3706,41221.99584
3100,22233.7313
3302,47332.28291
3201,38687.31937
3903,42173.40277
3202,27820.19346
4000,32565.35079
4203,65234.39054
4201,40850.08911
4204,24315.47416
200,24013.27174
300,25015.27474
400,18891.57482
500,27263.48494
600,27507.07834
700,23023.74448
800,16537.91727
900,7785.757769
1000,2750.223281
1300,35345.23215
1200,25983.2233
1401,7277.53493
810003,39589.6767
810004,54176.88172
809701,59121.09887
806300,27741.43043
809600,59088.06602
807400,10023.65574
808900,26730.56525
807600,3932.176663
808002,28518.58944
807800,31784.11915
807900,36821.50243
805001,21828.49083
809000,28853.40835
803900,24112.528
806600,29651.50204
803800,78318.29298
806503,57161.9012
806504,17860.79495
803400,9557.994435
810300,23916.80795
805600,6151.896918
811600,24303.22555
809301,34352.45658
809302,34755.25231
810101,56001.59684
811101,16576.12839
811102,42935.36547
812100,23168.91033
812200,20740.64543
812300,30177.06154
812400,36688.02911
812502,49903.62916
810600,24473.07653
804600,48838.07138
803500,32143.70342
802200,41332.8532
801500,50417.74658
804800,18145.20511
802600,27076.31048
990000,0
803202,52842.01052
811502,41561.3772
806201,23255.16136
806202,40293.1918
808701,43648.02853
808702,51087.64996
812501,44938.63473
803201,25063.13813
802800,40448.40395
802700,41105.31198
802900,44404.54043
801000,38772.09769
800200,24466.64228
802500,25398.47379
809502,37519.9884
810102,34078.96826
811501,37523.26945
809703,51823.59269
800900,30597.3847
804100,30056.98604
801200,58580.01851
808100,17355.44464
803100,22820.05282
808500,30994.23809
810001,44660.49666
804500,36950.56532
807100,5997.748696
808001,33377.41909
807300,4093.669946
807004,8333.150464
807003,6286.289066
812000,38748.30022
801900,37137.36364
803000,22302.06041
807200,13120.07342
807500,17441.67309
800100,31847.22775
808200,25303.76083
809501,38699.07457
810501,39593.56968
801800,21000.35588
805100,43497.58529
808402,20566.14217
808401,23477.84138
801100,41216.18064
808300,30363.85853
809400,34873.41702
800601,26343.68398
800500,44126.66934
809901,56818.48099
810200,46240.84241
809902,48715.75001
809903,0
811900,51634.79745
809100,35096.68573
805500,13782.86385
803700,31746.14341
804700,40758.25258
810402,52119.26382
811000,15986.42223
808600,31598.18268
802000,12581.96981
801400,38078.89474
810900,22629.22547
810800,7675.121217
802400,42786.52292
802300,21257.01539
805400,17900.54079
806502,18998.32763
806501,19316.40866
810700,24610.80089
806400,33528.0792
804200,57609.3684
809704,57524.10961
810401,35814.3851
811200,23816.55799
810502,40655.76916
803300,60402.32425
810002,8399.668252
811304,42471.81725
801700,16614.28813
802100,44482.65504
801600,2836.600116
800602,31992.65191
800400,27946.79023
807700,21384.94449
810503,30522.69411
800702,34948.4922
800701,42461.52191
811301,28921.99533
801300,36915.98926
811303,43981.11335
811402,38266.22873
811401,43133.73087
808800,33544.72876
800800,31998.61243
803600,20440.72501
805800,16267.99562
805900,19661.07525
805700,19596.76029
809200,35256.23766
806000,19858.69729
806100,16662.50507
805300,31469.53534
14500,20231.123
14600,34329.46059
600,16217.6864
10000,26796.56843
10100,43163.35755
10200,21758.88933
14800,52954.48762
14900,43874.36822
15000,33453.44955
17700,15366.0037
17800,5535.434378
17900,54141.58489
18000,50943.54676
21803,45274.59837
21802,28042.70099
3800,15672.30959
2201,25863.17957
15100,41084.07007
15200,25830.19382
15300,24317.04334
15400,25363.70629
15500,30474.71557
15600,19935.75975
15700,11209.39703
15800,18564.0058
15900,16589.99059
2202,15736.32566
7400,20541.67141
21701,29479.08673
21702,28976.44428
22900,9020.084251
23000,7395.733433
23100,17373.72016
23200,8522.875703
980100,0
21300,42672.98467
21400,38557.8772
17302,31973.31465
9900,5504.572187
18100,17295.45209
18200,16260.59276
18300,13478.06404
18400,16257.78075
18700,13223.90589
18800,30457.00472
980200,0
18900,13365.00489
900,3442.463914
1700,5271.608886
1900,3526.98422
2000,14911.40351
10300,14744.8574
10400,20395.33399
10500,17996.29481
10600,15950.65352
10700,16493.7185
10800,4932.969275
10900,6837.211863
22700,1679.720718
11100,12141.70611
11200,2087.771495
11300,21659.74592
11400,24449.5905
11500,13668.07869
11600,18042.03515
11700,22454.93978
11800,20984.63409
16000,63397.87
20901,79146.4617
21601,38060.01268
21602,62855.68838
2400,17443.20815
4300,12032.71724
12600,16212.93663
13300,16219.87622
4500,20269.02575
11900,15993.71697
12000,21800.61688
12100,16457.14967
12200,23348.17763
12300,15731.10661
12400,4342.133422
12500,16334.56002
12700,24645.61192
12800,21377.87776
12900,16711.39357
13000,25552.19059
13100,4860.123735
13200,10584.74672
19700,16868.81552
19600,35150.72495
20400,53333.9116
20500,62550.36921
20600,58012.03683
20700,47164.62498
20800,48234.64345
20902,39084.83616
19400,94715.35877
19500,59049.10169
19800,34465.57071
19900,72934.09528
20000,76740.82476
20100,96356.84863
20200,56896.7323
20300,28951.72626
16100,60972.10443
16200,67064.51617
16300,58115.93638
16400,57278.29881
16500,50181.65335
16600,34074.25155
16700,19729.41675
16800,28610.89374
16900,39088.58514
17000,19425.90515
17100,4372.42686
17200,19258.59927
17400,36034.40499
100,17164.77367
200,3957.504671
500,32868.40055
700,12109.50673
800,19049.32188
1000,4846.010871
1100,9415.681378
1300,14358.41527
1400,6170.063429
1500,12568.78402
1600,11910.21067
1800,13957.05045
2100,28245.5185
2300,23579.2021
2500,24030.61829
2600,10312.04492
2800,17960.71394
3100,15787.73951
18600,15324.75455
3500,22497.90219
3700,11534.30306
3900,7359.04795
4100,13808.16829
4200,10429.19157
4400,6209.543037
4600,20268.42631
4700,14856.98144
4801,14687.54102
4802,2662.348982
4900,20967.47343
5000,8731.167109
5100,15880.38547
5200,30737.65871
5300,21040.34455
5400,10085.10561
5700,14359.12256
22800,6672.694768
6200,19202.3285
6400,28897.30953
6600,12091.29775
6700,3252.81007
6800,7649.283801
6900,21465.53538
7000,19811.06841
7100,23092.20966
7200,19774.03358
7300,27510.77873
7501,7777.079806
7502,11382.80594
7600,17761.31424
7700,18132.83009
7800,23479.10909
7900,21760.62533
8000,31740.17564
8100,5300.02626
8200,6620.089484
8700,17090.64136
8800,18732.56287
8900,24707.92062
9000,22439.98329
9100,15593.39015
9200,11462.67767
9300,9764.894401
9400,18233.18007
9500,14287.28443
300,7980.677637
17301,52705.15336
9700,19340.77158
19100,62437.26027
13400,45431.22584
13500,39208.98277
13800,38497.74279
19000,65513.72988
19200,39309.23226
19300,28952.95622
21000,36891.7935
9600,8829.078424
13700,14715.89127
400,20102.75533
14700,25281.76643
13900,35605.74688
14000,31625.52645
14100,22293.19735
14200,37010.98149
14300,25253.97776
14400,25694.49829
21100,37513.78157
21200,42561.1583
13600,25702.5693
21801,61914.24182
17500,41636.54457
17600,21455.57658
10500,30109.50385
10600,38045.73191
11500,33487.60377
10400,46628.49941
10801,24191.78116
10802,22818.19884
10200,32755.84458
10900,31329.94383
11001,39827.36581
11201,54208.01503
11600,24471.22607
11700,36254.59493
10100,60662.07759
11800,38618.7257
11400,15507.01413
10701,35601.22342
10702,33493.65872
10300,24419.94166
11900,25078.50552
11002,46667.92956
11301,45972.7619
11304,55208.39787
11303,33217.56912
11100,42021.86739
11202,33594.92877
11302,37316.90367
53801,39336.77654
52001,28503.20342
51800,27494.31955
51900,34083.98305
52002,19909.0822
52800,41080.81726
50500,17773.88868
50600,32275.90653
53901,37229.04628
50100,25515.6817
50200,24817.08142
50300,30006.7667
50400,22862.65413
52400,42776.16165
52601,68392.18912
52700,39504.25241
51700,17240.77658
51100,27756.31718
53000,31927.19304
52201,42575.36868
52300,38107.97455
52603,25055.70969
50701,38791.0474
50703,48996.00821
53706,54549.99359
52203,38829.28473
54100,41545.02751
52903,28550.78088
374300,43961.26269
51200,19118.96727
51300,42676.45037
53602,51067.43427
50801,56679.75897
50802,41475.37163
50901,53853.56732
50902,40314.51185
50903,59024.8002
51000,30247.53168
52901,35879.92637
53105,40515.23415
373500,32428.53267
373400,33912.98784
373100,40827.09211
373600,34670.24431
373200,44662.14197
371600,27684.0396
374800,33347.6203
371000,25481.83164
53705,30634.1391
53402,44530.56852
53501,44395.53564
53102,36576.37996
53103,41737.42588
53200,27640.34831
53300,13851.17309
52100,42525.32264
53703,47950.07637
373700,9909.131098
371800,26341.67466
374400,44221.99485
371400,27938.76124
374700,39135.72898
374100,34248.98934
371100,22691.92719
374200,34613.11121
373800,17298.88341
372600,31392.58963
372700,20192.06036
372100,25311.25555
371300,24651.85793
53704,48810.62931
53803,58682.91355
53804,28800.08732
53805,36668.15895
51400,19589.69953
51500,19326.72192
51600,23542.14751
373900,29763.74783
371700,41158.47307
373300,40362.35753
372500,33564.5419
372000,30606.58252
371900,29558.92024
372900,21682.54942
373000,29404.14459
374900,32986.05293
374500,26060.57373
372300,37806.11485
374000,39618.14964
371200,12181.06411
372200,42274.80544
374600,29829.70912
372400,35271.01755
372800,28606.87633
371502,26285.47589
371503,41229.98932
715401,15634.35094
732001,38522.04831
734001,25895.08454
721000,29396.07656
715000,16707.09433
713201,32797.6711
715500,10521.20745
715700,18476.19967
715800,10575.29673
716000,14564.10153
715302,4408.866897
715402,2214.225979
715600,10517.51669
727002,28577.3868
736001,27616.02438
736102,21985.0835
730000,29494.19354
718000,26397.84931
711100,21417.97265
711200,30487.74111
711300,26755.86928
710100,21590.18783
715200,3822.785715
739000,25831.53644
734003,21895.02742
736101,25325.12783
737000,20590.27476
731201,12767.47061
731206,9725.600083
731001,30721.31255
733000,34705.70396
734002,28308.4297
738100,41667.40138
738001,34176.14881
720103,12114.58391
720102,14216.4784
720203,20867.6267
720204,33292.17422
720202,10999.99876
720101,10707.58495
732101,29240.86933
729000,25882.05728
717102,43536.28535
717502,34468.92004
715301,7747.150186
713202,30384.66778
713402,12947.17193
722701,33583.84512
722402,32376.39628
731203,16935.77813
731202,12575.62248
711400,35226.6768
712000,45976.31649
738002,25738.53654
725002,35202.31652
731102,24302.0096
725100,21208.15955
725001,39709.67003
31200,28786.24884
32100,41603.80493
32001,13247.27201
31500,24435.89551
31400,12614.44914
35500,19057.05499
34200,28421.60289
33600,31985.77677
36800,45708.31944
38400,34329.29383
38300,49261.2131
37602,34836.45446
32700,28922.59262
32200,20614.52814
39200,15191.91184
32901,29487.62375
33200,32173.74574
36700,44428.23522
35000,34827.17131
38800,9800.349511
37800,21964.92789
33300,38898.6235
34800,39198.0698
34400,16366.95519
32800,17980.50957
37900,105611.5169
37700,46365.98273
36500,57861.03249
38000,23168.57472
35600,46983.01801
33400,41601.16747
39100,44974.20366
39700,36115.98672
39400,19530.50687
39600,19593.18171
39300,12648.72718
38602,96260.77524
39000,13645.34432
35800,13029.38092
36000,23001.61578
34500,20091.18557
36301,38690.67283
34100,17325.59398
34000,22118.56814
32600,22107.95594
36900,29039.63483
38500,45261.47647
38201,59575.046
36400,60458.62617
32902,36209.68795
37400,33600.01355
37601,35444.73438
38101,62637.04314
36302,34794.24949
35100,20892.8226
35900,17794.07265
32002,18240.78276
30802,17730.83767
30200,10977.98935
38202,53425.81688
36100,33335.3556
31700,11926.44678
38102,38174.09113
35700,33160.78716
34600,20805.9631
37200,28479.07061
36200,30519.30563
38700,55985.61981
37300,55701.89255
34700,23247.58414
35400,18837.20142
32500,23293.72885
37000,49362.41581
36600,33860.92174
33800,27556.25419
34900,29170.09885
33700,30719.48143
38601,37958.59558
32400,12173.665
34300,23929.11334
37500,29765.98263
37100,51427.2064
32300,19767.82149
33000,23729.62727
30500,18016.94794
33500,28333.58966
33100,32670.71638
30600,11785.74454
30400,14247.1169
33900,20636.9541
30900,22537.32356
39500,24768.62358
31300,27335.15911
31100,13612.31281
31000,20226.92381
30702,22412.77818
31601,16159.59214
31602,24169.18384
31801,19597.01707
31903,16681.11539
31904,9300.409398
39800,12121.47128
39900,8681.034537
30701,20593.45889
31802,12246.91293
38900,10475.8178
35200,24741.93037
35300,16133.16641
3203,31766.22008
3300,23701.3085
2701,38152.61634
2703,31093.12418
2301,35912.40871
2302,40530.23216
2401,33621.72093
2402,50164.95578
6605,46211.68139
6606,59195.89336
6607,48475.87591
6608,28629.95617
6701,38975.7858
6800,31895.34316
7000,30008.41286
1415,61539.76129
2605,32598.26089
2604,33441.89663
3101,41679.94948
3102,42415.09156
3201,27684.85559
2500,35244.75715
2603,44319.98913
2805,32586.78595
2901,36198.09595
2902,16155.66026
1414,42736.77915
6703,38726.78997
1417,54580.2238
1416,34121.75985
1409,59349.59486
1410,54616.87315
1411,50404.71968
1412,50088.23438
1413,32724.49633
3002,43884.70915
608,34252.24226
3401,31832.1249
5601,11714.04246
5602,19989.89066
6002,15981.19146
7911,75260.43261
7912,41161.93446
8605,25482.30552
1502,31593.16484
1504,55533.22078
1600,31561.78997
1701,36339.7717
1702,28057.20737
1803,35403.67448
1804,30504.44598
1805,28392.27739
1901,29070.46875
1902,22903.36493
8606,35668.50481
8800,37236.25372
8900,23413.94664
9000,41438.76193
9200,33301.80495
9300,12435.21834
1903,21749.29135
8103,31932.06191
1100,34582.24456
1200,21619.59194
1300,42573.37138
8208,50801.9466
8300,16088.48326
2000,37491.6831
2101,39501.1686
2102,56013.40121
9400,26701.41485
9100,30299.94242
6001,32908.95358
1505,40432.34752
1506,51857.51631
2200,34044.17083
100,38735.53218
200,28579.99851
6206,42226.36021
7702,43882.12082
8202,52268.30684
8204,19418.04737
8206,12809.3323
8207,27404.52937
8209,28772.26225
8205,21031.88824
5100,12713.20745
5200,2011.185729
5300,19319.51432
5500,20366.57652
6500,43675.03974
5700,13307.61092
5800,13941.01525
6103,22560.48216
6101,26152.14217
6104,27538.62129
6203,46466.84002
6204,38547.80677
6205,42258.20604
6207,22799.67977
7801,25926.90774
7804,43541.45693
7906,39008.81456
7907,33720.03847
7909,52042.64686
7910,19295.59428
8001,30187.99453
7905,33546.9801
7908,17165.015
7703,39572.18957
7704,34123.67821
7805,46650.45004
7806,32943.39819
4000,23191.7489
4100,31790.22869
4200,29375.0686
4300,32548.56646
4400,17515.91618
4500,9121.360759
4600,10439.79743
4700,10892.95725
4800,11430.89906
4900,15392.19814
5000,21057.93294
401,40951.16676
403,41031.44759
404,29384.85359
501,36118.54617
502,28158.09842
603,52460.1872
701,46900.15616
606,45491.48347
702,46616.36702
3001,37222.22751
8601,61912.84203
8602,38587.91329
8604,34108.67726
7101,54869.46206
7102,28206.3184
7103,26833.09948
7202,42538.34901
7203,30741.2127
7301,34105.41871
7303,27156.43126
7304,24150.68737
7402,30639.10671
7500,23711.28396
7600,29261.3454
8405,55473.56093
8406,41750.84785
8501,35793.20556
8502,50148.85045
8503,41906.6805
8504,39681.34075
8403,45139.86304
8404,28488.79466
3500,27623.9884
3600,21677.89308
3700,24262.75022
801,44647.50777
802,41481.89931
901,42143.39187
902,38674.3808
1001,38775.58465
1002,51387.68449
6900,17279.06378
8101,33942.20602
8102,22112.70326
3800,18445.61052
8700,55519.44685
300,28908.61183
6300,39793.0087
6403,53594.70222
6601,45616.11593
6604,45589.95335
1700,19545.85856
600,17043.5574
700,15691.17507
1800,21418.08527
300,16887.39618
800,24619.90633
900,18522.67278
2001,28328.71163
2002,43801.36857
13204,31088.19979
2100,6302.960368
2700,7051.475769
2900,7273.202325
1100,9016.882457
3300,25079.70888
3600,31530.59414
3900,34495.94718
4000,7897.92513
4700,25865.69656
5000,25898.90295
5900,21938.61577
6400,15057.42345
7000,24778.52214
7400,30219.12704
7500,17468.22849
7700,16476.85393
8100,13968.72024
14605,41180.22998
9601,17873.69191
9602,20959.76235
9700,36059.05568
10500,19229.41897
11201,20643.39709
11202,34602.61622
11401,22425.59967
11402,24378.18133
12100,44648.56865
12200,26979.70615
12500,15405.9764
12804,35242.81235
13201,39650.87076
14606,40968.36618
13301,1253.678729
13302,18419.66246
13400,40586.65141
13800,46573.36577
14100,26189.99153
27704,40466.29285
20804,49484.07128
14700,54013.44425
15100,41059.83932
15400,0
15601,40679.69726
15602,44533.99334
15603,37388.52561
16901,18458.08077
17010,41660.64798
17300,6478.538992
17600,39349.18609
17700,37343.90863
18701,42006.04696
18702,36090.99751
18901,35371.88652
18902,39155.76317
19700,42529.21212
20100,34150.16665
20700,11910.10207
30302,35872.96582
20801,24498.89315
17008,43467.47828
20803,36398.51639
21300,26606.44901
22300,22872.13959
22600,28500.2028
23100,18536.26185
23900,26717.74244
24700,27279.22025
24800,35928.97304
25100,38315.01737
27301,41092.94633
27302,45225.47877
952600,28332.31907
952400,15350.57238
952700,25564.52665
30301,28147.94573
27702,21160.08
27900,39278.02353
17005,44673.18251
29102,38130.77904
31901,13031.16622
31902,17483.67293
32300,5015.70811
13203,40785.12804
17007,27302.98936
953400,17540.79648
954800,12968.95573
953700,28249.7912
954000,18373.24972
950100,21871.4191
951600,30587.38018
951900,18362.2115
954100,21028.52969
951200,30918.47742
954700,19380.11813
29104,28554.32252
29103,35206.64281
14604,42474.73458
17009,37958.05337
22800,132257.6234
24401,43946.70099
24402,28080.498
27705,34848.28427
27706,27371.84111
990100,0
954200,37393.7434
954500,20692.44551
950500,21351.80927
953600,18562.84047
952900,34530.38725
952500,27888.87202
6700,57254.30233
18100,44850.60538
19800,51379.27414
12805,25114.62938
12806,23231.97491
14607,33954.27985
14608,50772.93621
17011,40972.27391
17012,36319.19214
952100,11430.73351
951500,24541.16745
951400,18142.54537
950900,22265.14955
951700,16423.0401
951000,19690.12937
954900,31418.13047
954400,33561.10603
951100,28365.14927
953500,10685.43319
955000,21080.92289
954600,26674.0227
950600,21033.44156
952800,20469.15873
953900,27734.3353
950300,21448.10555
950200,19675.8276
950400,21143.96928
953300,32983.99303
951300,21161.36095
952300,20983.72691
951800,10509.46224
952200,19553.96398
953000,20349.51538
953800,17959.29764
952000,20484.44694
955300,18322.43235
955400,30620.03331
27100,18670.89901
12900,29562.14132
14401,64418.82528
9900,58945.86916
14601,39691.01194
15400,35579.48988
15801,70154.38542
15601,36261.99663
29500,28734.81874
24000,0
1401,61420.28399
21703,0
15200,30346.83295
22900,17618.92812
16100,57579.084
24700,17944.83764
16300,45995.07608
20600,14819.52705
16500,57221.31816
18300,33865.61947
18000,9955.841679
16002,38916.93538
16700,69335.06254
17500,62511.47496
24900,15493.39462
21900,7732.645424
17000,20092.68784
16900,48072.98947
23900,5791.879118
17100,58722.65842
18100,40061.29654
20102,17454.10509
17402,8809.881383
28700,26809.21234
201,8628.75906
16400,17415.11542
18200,10643.5652
22301,10068.53483
18500,40142.24226
21000,21621.76464
27700,11881.31485
23502,11413.5298
22102,18734.30645
19701,44300.06414
19500,38760.59994
18900,10305.79861
24100,24186.75966
19000,27744.64851
20101,41181.78485
21400,18667.22044
20800,15757.33874
18800,17373.90769
23000,8622.660122
26300,8510.784119
22400,6329.668643
8700,53044.80696
23700,17054.50899
24500,18417.20559
10601,64911.66473
22200,13985.14587
24302,8120.456387
21200,33920.16387
22500,17261.3665
11401,62756.02738
23200,11506.68779
9600,19589.938
11203,34875.37868
30300,27202.40585
23300,13466.91488
22302,6420.390838
25300,17507.20963
20901,10905.83702
23600,22388.89658
30900,17809.34143
25100,19771.11081
25500,17494.11531
26700,8579.569704
28100,50189.78432
29100,15715.1903
29700,0
20701,11750.71112
28300,19789.8982
6200,41888.2286
2500,4880.158397
5800,70142.84139
6000,51076.95468
22600,10395.32636
9000,54044.41708
2202,48539.86989
11500,39517.87378
27500,42343.29562
14700,42713.99484
15001,63408.2806
15500,49028.51417
20300,8780.211802
19702,32071.39741
10400,37752.65395
500,0
3400,28745.67334
3001,31941.0211
202,13582.43204
14900,60112.10727
800,13635.74717
4100,6357.219494
1402,18502.66286
17300,46482.24693
2601,18759.72083
19400,6267.78046
24301,13631.2033
14300,0
1502,62567.19494
6600,35008.89586
11201,52623.93114
100,0
28500,11345.53481
3601,18633.40687
12200,73808.62401
7000,48398.17185
19100,42776.07557
19300,14862.82896
17401,10894.24627
2400,7820.016361
17800,15222.68566
6800,44948.70914
3200,25862.67975
7500,43818.59026
2700,27494.07199
700,55252.61208
2900,11847.44112
10200,13241.32199
8000,58617.53679
12100,23146.50445
600,5990.907564
9200,50287.38606
1200,21612.31845
5501,58081.53266
3002,20799.59968
3100,42258.00473
1300,52617.307
1800,20725.64917
17900,29885.75793
1002,6761.772657
4700,38535.20131
14500,59501.26036
4800,38708.80105
2800,19319.69751
5900,43857.19907
5700,57146.77387
3602,22506.90124
13600,42366.8829
12600,40792.93458
31900,0
14402,39735.67747
3900,23378.75177
1501,27570.75844
4200,42996.13392
2201,21130.58311
14802,45588.79856
8400,44650.60309
2000,7169.227888
1001,48026.89007
4300,24339.05629
8100,40432.42946
5502,50775.69916
10300,38914.37706
10000,32183.26475
11100,26667.3833
22800,14901.36311
6500,24590.30838
1600,9716.868719
9300,33217.97125
3800,19404.66381
5000,59996.95857
6400,43007.35064
8300,11740.45362
7900,65674.41324
22000,14133.76863
4500,56767.22065
27900,18335.70777
23400,22544.81765
18700,30483.87452
2100,108061.8597
18400,13022.83398
7600,23289.42982
16200,15607.18934
30700,36824.52789
6100,48701.50424
9500,42486.19434
2602,24098.73293
6900,80265.96248
8800,42268.57966
7100,46729.35463
23501,18446.8824
7200,34384.79421
3300,75455.27473
15002,91779.02626
7300,46089.95884
10100,29241.26926
10900,75697.80425
4000,32682.1764
27300,36472.00343
9700,22818.14397
6700,29748.47211
4900,42960.38653
18600,6931.083643
9800,44860.08264
19900,20178.90875
8200,33804.69172
5200,75009.1896
5600,65771.15142
16600,15953.28116
900,46507.70057
26100,14650.85891
13800,42013.70809
17700,23366.36444
11600,29251.46299
11700,31091.87715
8900,36879.72723
6300,61575.84261
7800,43703.27188
19600,8319.350868
26900,10730.27392
14801,71896.45236
12800,74344.18837
11800,48353.21578
21800,18103.70902
21100,26840.67662
5400,53862.72861
12000,84744.92418
13500,11975.64525
13700,56680.40676
12400,36793.52799
12700,25974.47678
13400,49482.88909
20000,20537.61334
14200,125165.4643
9100,48757.10167
9400,-472.4895225
11000,45923.07351
10602,42632.56742
14000,80755.59931
10800,51339.70648
7700,32809.70969
7400,63239.19637
12500,54040.70692
11202,42972.08373
15900,57652.45265
15602,19032.19176
14602,46674.81505
20500,71050.62517
29300,18808.0949
31100,0
11402,43758.18017
13900,30494.98635
13300,32565.28936
15802,32621.4961
19200,5957.28274
16800,8069.277597
11300,60653.49574
21600,19785.11423
13000,133557.5639
19800,29931.23162
11900,3114.48295
16001,106356.5589
15700,48039.02992
26500,20459.43133
15300,59717.19263
13200,27774.37609
15100,20528.12275
13100,44651.67656
17200,11697.4391
21500,11086.82222
25700,26803.77512
3700,34857.71218
24200,11007.79107
25900,30221.1966
29900,12097.213
8601,70725.25099
8603,65473.94458
22700,12182.76587
23100,17154.29332
23801,26721.25761
23802,58323.56848
31703,84239.33109
31704,75570.64295
4400,49041.62304
8602,0
21303,21374.18255
80202,35833.33007
160004,25514.88053
110004,24660.6418
80201,48774.00159
50203,32267.88275
160003,25289.13276
160005,25016.89241
60202,26231.4932
640002,25447.89504
190402,29988.99119
190401,22746.43387
130004,49412.39672
140101,19687.72619
150005,33823.562
150004,32592.04681
140602,36867.91792
150003,24390.8671
640001,0
110005,23129.75479
200002,22474.1861
150006,23253.29938
70401,25732.57282
140200,22243.99478
220201,7480.60882
410000,34865.88944
80104,41538.60037
190301,29824.49381
31500,17299.44009
31701,13210.41082
31702,12443.06654
31900,14463.81154
32100,16745.49228
32300,19369.71377
32500,13674.42515
32600,13007.70339
32700,19264.90331
32800,17480.38369
32900,16623.46901
33000,10748.1797
33100,13466.47304
33300,19429.26
33500,24331.8916
33600,29974.53384
33700,19041.71842
33900,17159.58796
34000,14061.57021
34100,17465.39882
34200,8434.680908
34300,6176.556673
34500,21889.40013
34700,11459.07715
34900,16870.14703
35000,26616.99542
35100,13574.88221
50204,31743.06733
20003,36429.06289
50104,56690.0588
190101,38511.47219
60301,43548.11665
40003,30511.72037
53400,6229.934073
53500,2624.047176
53700,3980.435881
53800,17303.76989
53900,0
54200,17005.95417
54300,5482.329412
54400,32560.00337
54500,0
54700,4008.949205
54800,35873.76349
54900,14625.49571
55000,12208.67249
55100,20839.71837
55200,17226.79607
55300,34645.80947
55400,11086.50564
55500,0
55600,26986.13395
55700,0
55800,16537.71567
56000,16822.84732
56200,29087.87511
56300,27363.53853
56400,29430.08904
48600,5756.824607
48800,14708.62233
48900,5896.516871
49000,18830.26872
49100,16890.93045
49200,23903.5893
66600,0
75800,55196.09651
100,41197.23288
200,31103.03397
301,86839.91617
700,65615.15245
900,44863.81918
1100,37126.34271
1300,54600.99015
1800,0
2000,13647.01968
2100,76536.75364
18800,36454.36632
19000,15771.21973
19100,17347.62722
19200,14337.03689
19300,20737.51895
19400,12475.70791
19500,25930.62299
19600,20329.93831
19700,34781.46742
19800,5800.054246
19900,24049.52102
20000,23844.51189
20100,38021.71963
20200,40043.64597
20300,16673.99085
20400,36647.01613
20500,35855.61418
20600,36141.61109
20700,49949.43486
20800,23599.16563
21000,26781.50218
21200,25598.65197
21300,25977.27707
21400,8053.086178
21500,31939.0077
21600,17992.58656
21700,18298.95741
21800,12129.68334
93000,35083.38591
93400,33461.00842
93600,26207.65415
93800,14862.9069
94401,28561.49885
94402,5307.032516
95000,29389.46002
95400,19560.70307
95600,27577.4125
95800,28195.21696
96000,0
96200,29773.62901
96400,29071.66046
96600,39306.4006
96800,41321.18879
97000,25482.74346
97400,25872.14144
98200,9012.428706
98400,25270.36416
98600,34001.52356
98800,31848.61101
99000,9211.29154
99200,30917.40806
99400,42098.71431
99600,29053.99561
74600,38628.54225
74800,24443.57319
75000,13061.42781
75200,12912.18929
75400,58394.98244
75600,31602.67726
76000,28816.69148
76200,18481.11408
76400,24453.69884
76600,25021.71397
77000,26181.33763
77200,24566.82029
77400,22406.00729
77600,23254.54306
78000,28441.28773
78200,22931.23803
78400,29581.22414
78600,14028.62521
78800,15029.07887
79000,15819.52818
79200,20344.7592
79400,17792.66748
80000,22749.47728
80200,18674.11796
80400,16247.92337
80600,20076.2075
35200,3535.246616
35300,15405.58861
35400,24737.39489
35500,12321.26967
35700,4692.033995
35900,13274.30249
36001,5037.585415
36002,1860.590553
36100,5889.228885
36200,10151.74594
36300,11638.15065
36400,14352.90164
36501,16799.63032
36502,30737.21203
36600,20570.37257
36700,23749.05662
36900,9266.126792
37000,27096.46262
37100,19694.04491
37300,11963.3182
37500,18341.68194
37700,22418.0538
56500,30324.0714
56600,28706.79373
56800,21452.80395
56900,32626.26424
57000,32802.91261
57100,26830.5067
57200,4047.848081
57300,26970.58981
57400,35150.95365
57500,30937.39289
57600,28688.44144
57800,29426.02822
57900,18963.30835
58000,19070.7582
58200,12177.1308
58400,19732.24563
58600,9887.995278
58800,23412.23978
58900,50359.39192
59000,34973.26342
59100,27164.80645
59200,27052.36462
59300,14446.46385
59401,29446.08175
59402,31799.43282
2200,18565.13699
2300,6844.60988
2901,1934.04699
3000,29319.05894
3100,30059.66729
3300,34426.84875
3400,30788.88393
3500,20996.62844
3600,26271.8138
3700,38880.80157
3800,43411.64481
3900,19235.60773
4100,39450.88208
4300,48029.5679
4500,50198.44011
4700,48492.90357
60600,23914.24156
4900,32021.45602
5000,32911.38935
5100,42405.70772
5201,9305.633417
5202,33727.0243
5400,22002.3253
21900,10726.58036
22000,9830.994974
22100,17143.54621
22200,4944.990037
22400,15162.8853
22600,18914.63091
22700,15958.60764
22800,19443.97161
22900,24346.48705
23000,6337.591109
23100,26482.98946
23200,7915.719054
23300,14989.59636
23400,13850.13598
23500,18054.12707
23600,9957.719728
23800,9507.94922
24000,15384.96212
24100,14422.59551
24200,17457.62991
24300,4524.712382
24400,8739.294807
24500,22803.84685
24600,23443.69745
24700,13182.41564
24800,26001.04623
24900,19366.2049
99800,17036.84214
100400,31064.35814
100600,44783.99572
100800,22857.13853
101000,27566.23606
101200,14284.38296
101400,25238.0988
101600,37235.90615
101800,40473.20955
102000,40373.85564
102200,25445.08814
102400,17269.55166
102600,28226.56454
102800,35480.48081
103400,14935.30806
107000,32743.15817
107800,34293.93949
109800,12106.31989
110600,14512.24491
111000,10822.24179
111800,6085.934105
112000,25853.89572
112200,20607.11267
112400,27484.43137
81000,18572.03375
81400,27609.33815
81600,15882.02033
81800,19938.58689
114400,9632.710206
11900,26464.88499
15200,24537.07228
16600,35460.92244
21100,39676.56872
48500,22487.84499
56100,32543.67756
62000,54860.67434
80800,6288.003
92400,18235.07268
93200,28844.65082
110400,12491.1599
111600,15078.09454
123700,-936.8778219
150200,40265.61433
4400,44047.3151
5300,36076.56736
37900,20805.6372
38100,14213.4351
38200,12221.67042
38300,13645.49727
38500,9795.344309
38600,19728.54469
38700,16110.2689
38800,19079.52655
38900,12758.94968
39000,24829.7672
39100,16592.61974
39200,15635.54351
39300,9291.21212
39400,24421.27423
39500,7738.754673
39600,18073.39826
39700,6945.238133
39800,13137.73859
39900,16843.84802
40000,16121.57759
40100,13447.48193
40200,20705.65182
40300,14152.7452
59600,17849.47692
59800,24466.96388
119000,8332.239477
60000,30465.98363
60800,25112.42616
62800,34773.83427
61200,33889.79801
62200,19835.5323
62600,16815.34479
63200,44713.72603
63600,44798.44207
63800,26646.3889
64000,56069.39722
64200,30791.55828
64400,50648.88166
64600,41964.38952
64800,25845.87332
65000,30936.30256
65200,66735.21526
65400,62835.09683
65600,52727.57301
65800,46138.33695
66000,28904.47955
5601,28668.72266
5602,27440.18839
5800,24360.97565
5900,23584.01195
6000,36170.76698
6200,26055.87227
6300,38026.12392
6400,28132.99299
6500,38392.61171
6600,18462.45393
6700,51394.19178
6800,20314.08403
6900,35561.65484
7000,35311.67452
7100,17274.79749
7200,12305.58327
7400,11073.00121
7500,34009.82652
7600,14351.07742
7700,56268.65749
7800,13606.79675
8000,12337.66499
8200,27570.89792
8400,8394.705988
8500,4979.169974
10000,18989.69965
25000,19292.37207
25100,17136.24266
25200,23081.59571
25300,17611.00688
25400,19352.99586
25500,7824.853657
25600,15888.12914
25700,5740.87301
25800,17282.78639
25901,7576.792872
25902,10058.32937
26000,19783.95661
26100,4727.013662
26200,19631.16239
26300,10353.41484
26400,21631.25103
26500,19500.27362
26600,22546.49942
26700,27466.00934
26800,22360.44503
26900,5644.152331
27000,14775.56813
27200,15643.20829
27300,20481.22157
27400,18706.82886
27500,25368.24421
27600,13453.72157
27700,5866.441761
112600,7733.038835
112800,13656.18388
113000,11849.27841
113200,27193.45726
113400,4927.325918
114201,11828.86538
114202,7278.68246
114600,14244.02237
115000,11890.47633
115200,502.5982238
115600,6324.779508
115800,18185.82056
116000,13478.10624
116200,16889.42091
116400,16362.23379
116600,12747.83679
116800,7174.789713
117000,15098.75109
117201,17766.28729
117202,12532.8688
117400,24345.0674
117601,18402.18297
117602,8919.886139
117800,18369.40236
118000,0
12600,12227.46178
27100,22106.48257
30500,22921.77609
34800,21516.24782
44900,11045.15417
46000,25018.20815
76800,23342.6584
94600,22904.27936
105804,8764.047949
119800,14072.51585
152200,42386.74836
501,36501.21653
502,44486.1662
1500,21084.52135
35601,29620.43981
35602,21197.62524
37401,24700.76558
37402,14555.55526
50801,10604.65146
50803,25463.05221
50804,21486.12323
51001,26037.99024
210101,20430.83798
210201,22277.76975
210301,30632.49349
20005,32793.85919
610000,0
30000,39495.47938
40001,28268.74388
50102,32797.27172
50205,32524.02548
60100,33119.87646
70101,22870.35881
70102,33674.93776
70201,24938.01923
70301,30526.71001
80103,40970.11759
180001,33720.62378
90000,26070.15516
100000,22272.43232
28200,14815.14022
28300,4392.487706
28400,15594.08169
28501,35287.7565
28502,7305.551589
28600,17714.70546
28700,9133.184585
110003,35901.63223
120000,23921.31181
130003,38053.74558
220100,7439.864213
220300,6340.156332
221100,9069.882102
220700,7298.649615
220801,8097.378542
28800,9221.310094
28900,8703.41353
29000,17584.01
29100,10238.64613
29200,8267.333648
29300,12949.18989
29400,13258.89621
29500,22173.05116
29600,17115.27622
29700,21044.02301
29800,16767.9905
29900,14052.66555
30000,18674.41564
30100,16720.26322
30200,20758.17328
30300,5110.505872
30400,16888.42505
30600,17461.4671
30700,5529.941244
30800,23494.54734
30900,21005.30179
31100,16295.67916
31300,9585.878524
31400,22620.48826
40400,31354.06017
40500,38840.0119
40600,23491.71474
40700,0
40800,15035.84943
40900,9430.000772
41000,18216.22418
41100,12741.89315
41200,18490.81223
41300,16476.02152
41401,27856.78133
41402,16108.14761
41500,10893.23557
41600,16995.27298
41700,13109.78693
41800,10941.38846
41900,13876.26059
49300,9630.963266
49400,19377.4788
49500,33918.11748
49600,24725.35217
49700,34021.74432
49800,24533.19939
49900,19810.78678
50000,20632.20503
50100,30841.07756
50202,46127.26132
66200,40679.66962
67000,16967.1322
42000,19032.89732
42100,18609.2174
42200,20237.82027
42300,14821.05068
42400,17519.53991
42500,10799.13312
42600,19315.73704
42700,19915.30159
42800,17957.38821
42900,13388.71951
43000,20841.5178
43100,9860.370045
43200,12377.61442
43300,8279.573871
43400,20629.73635
43500,7482.311977
43600,12845.51547
43700,12253.62161
43800,19419.58456
43900,18603.58444
44000,29028.74858
44100,14996.45804
44200,21774.9332
44300,21958.06698
8600,0
8800,23225.77936
9000,11263.34695
9200,16270.59452
9400,19538.31582
9600,21229.39869
9800,15681.71771
10000,7927.908603
10100,23905.57726
10200,16109.97151
10400,8219.859059
10600,10316.05513
10800,16696.68223
11000,16211.26761
11200,7369.65725
11400,18439.39443
11600,12046.62124
11700,27377.57798
11800,18214.47547
12000,7660.439183
12100,17116.00073
12200,22432.95487
12700,8153.42607
12801,30902.48995
12901,39820.14772
12902,31482.67807
13000,22003.48829
13100,41603.25084
220901,22868.94298
221001,42417.51588
140300,22567.02574
140400,50321.09339
140500,30324.14284
140700,36872.50637
140801,29337.24677
300000,18287.80015
50300,32679.83261
50400,39172.69831
50500,6307.736578
50600,12480.05524
50700,3647.524236
50900,-598.7182452
51100,9166.635258
51200,22104.78914
51300,30360.64907
51400,18907.0456
51500,24835.82172
51700,37571.9016
51800,27599.81701
51900,23772.03617
52000,22387.56407
52300,12848.12923
52500,4703.775629
52600,30353.87761
52700,17039.43902
52800,35360.6674
52900,7133.123116
53000,20584.58661
53100,-1915.60085
53200,27792.46676
53300,1031.615248
44400,15139.11041
44500,15814.20413
44600,22072.50203
44700,22700.67838
44800,19868.04115
45000,680.6462307
45200,28240.79325
45300,18579.63264
45400,35651.09894
45600,5182.107495
45800,35515.16837
46201,6682.99199
46202,15998.22934
46400,22775.37989
46800,17993.11087
47000,18263.31436
47200,29150.13961
47400,23286.69049
47600,5998.240847
47700,24059.88567
47800,18546.55663
48000,18006.21635
48100,37583.04641
48200,10414.7202
48400,16808.59456
13200,13506.29274
13300,42378.21799
13400,30313.90223
13500,40459.21306
13600,29064.39408
13700,35293.47819
13800,23334.36024
13900,23508.05951
14000,24836.6062
14100,31712.77497
14200,25858.89667
14300,27479.35421
14500,21821.46914
14700,23521.52583
14800,50000.71338
14900,43587.15297
15000,36323.33505
15100,53911.2062
15300,47839.56118
15400,0
15500,50028.34234
15700,59629.34949
15900,52883.51168
16000,22900.41545
16100,50676.69152
16200,45443.59301
27800,20180.35764
27900,16489.67964
28000,31000.90267
28100,6459.407556
82000,24754.49331
82200,15328.34118
82400,11163.97906
82600,17131.36004
82800,13085.46587
83000,15237.9421
83200,49164.43804
83400,40999.5403
83600,28844.64795
83800,28503.29966
84000,28035.4522
84600,40261.11836
84800,28174.11279
85000,29153.09618
85200,0
85400,34817.09131
85600,23550.17377
85800,18295.9527
86000,20120.85243
86200,15730.75738
86400,50966.86576
86600,14026.51433
86800,10781.23548
118201,23906.83223
118202,6994.641838
118400,16541.66576
118600,17710.12128
118800,1863.555781
119200,6770.421364
119400,3018.54705
119600,10057.18709
120000,3454.637147
120800,12167.46245
121000,8183.728211
121400,7750.998976
122000,13990.47142
54600,7416.68284
120200,29990.4417
72600,23297.24877
4600,24180.41661
61002,20114.53053
61600,34465.00588
67200,35949.47125
67400,42051.85421
67600,32341.16713
67800,16127.02816
51002,16965.21846
51601,13803.77757
51602,20279.80629
61003,12175.40178
61004,5422.690891
69601,30469.38307
69602,36047.09586
79601,21219.4795
79602,12280.60988
79801,18086.37305
79802,22753.2953
105801,9452.741477
170000,29000.85306
190203,29597.37556
190204,44542.72291
200001,16870.00534
130005,32146.89203
20004,43251.14898
60201,27115.42416
60400,29623.51008
60302,29550.71888
190102,37806.74476
50103,41425.93196
16300,33321.32714
16400,27851.97221
16500,62557.02405
16700,55269.71645
16800,37174.7402
16900,33091.37895
17000,25007.72649
17100,50060.07587
17200,18511.71603
17400,27374.34195
17500,0
17600,17624.47398
17700,0
17800,26482.3638
17900,22207.38742
18000,13807.38831
18100,35946.09546
18200,16219.82168
18300,36730.14054
18400,15653.25247
18501,9800.158046
18600,21122.63168
18700,26213.72971
87000,18759.05251
87200,21919.42457
87401,6599.983397
87600,22086.66412
87800,16448.68944
88000,26597.18061
88200,12650.9027
88400,16013.70272
88600,12395.98795
88800,21646.0961
89000,12112.2564
89200,10912.45269
89400,19316.02089
89600,18925.52072
89800,12326.56987
90000,8712.832668
90200,5074.470477
90600,4274.294863
90800,9257.890906
91000,4104.613609
91200,7399.514201
91600,5881.04673
91800,17990.90796
92000,11418.84779
92200,14452.57661
92800,34063.82566
68000,24230.7446
68200,41047.96552
68600,36754.59658
68800,32226.84203
69000,35848.35353
69200,22950.26504
69800,36052.52553
70000,51759.06331
70201,39535.62387
70202,0
70203,0
70600,45089.66636
72000,20492.869
72200,40336.49536
72400,36400.92098
72800,24048.26693
73000,50136.62771
73200,28414.28449
73400,30448.07697
73600,15097.90491
73800,30187.63
74000,26900.3659
74200,29775.45393
74400,51765.49209
2103,53798.69213
4900,34027.3426
5001,32657.7353
5002,33661.21242
5100,26322.10001
4800,31574.16949
9100,17956.71851
7700,41122.74739
7402,30881.44274
7900,11460.34456
8301,18757.77043
5600,0
8200,23442.83439
9600,52649.84839
10600,38459.05767
10701,70164.96019
10803,36426.05822
10901,34045.7077
10902,39306.46798
10903,37069.57311
9800,90426.40983
9900,97074.89185
10000,98867.4629
10100,73073.89799
14907,47257.2355
14908,67647.59803
11000,23108.24463
11101,36642.86346
11102,62666.61911
11300,38476.87347
10400,28339.47022
10500,45813.59373
8800,27252.01393
8901,31161.73498
8902,19630.92984
9000,20923.65739
9200,16084.24844
9300,8141.378822
9400,15681.97307
9500,28234.65065
302800,55119.40739
302700,24435.22254
302600,49211.01426
302502,65219.38266
302501,62426.11564
302400,25884.59649
302300,45870.4436
11200,29938.6385
10702,42893.9327
8100,18404.29098
10801,41962.18468
10804,41345.91312
10200,65269.44803
9701,61134.01525
101,8736.813634
103,11797.22565
104,0
201,8411.520225
202,25768.73421
203,21984.8921
300,9444.495597
401,9371.15525
402,15329.79075
500,5219.095996
302200,31128.65122
302102,60298.56804
302101,98031.07654
302000,34291.54406
301900,54794.87237
301800,27019.52444
520300,43700.62546
411302,52382.66326
520502,36062.95119
407302,26111.85706
407101,25857.73271
411000,24347.00664
407501,20374.83952
518502,37258.37903
518501,46707.90383
518400,54651.68549
518300,33605.26801
518204,55200.81571
10300,32315.64298
11400,41875.03948
11500,17129.89266
11600,19838.72661
7401,27701.40765
8302,66308.94348
600,9473.960526
701,42889.25335
702,27992.97129
801,27867.40275
802,38786.71194
803,30293.84086
900,33360.75489
1000,6576.215456
1101,5334.672711
301700,91511.51312
301600,69722.97238
301500,96734.45118
301400,51956.34211
301300,24893.40425
301200,38841.41894
301102,38414.03927
301101,21407.04723
407502,28385.81537
409400,46742.44972
412800,45507.6538
407102,27353.55541
414202,17777.07941
412900,43303.50508
521500,48995.18292
411902,40000.55304
518203,44120.41937
518201,85355.57935
518100,54656.72906
518000,21590.77205
517902,17260.17879
517901,33621.22232
8401,106041.304
8403,32608.59215
8404,22769.21052
8500,101143.5751
8602,57760.99201
8700,23443.96449
9702,36539.66509
1102,9227.872905
1200,14246.72068
1301,26016.43258
1302,15126.3642
1303,11788.48708
1401,13306.41667
1402,28087.45689
301000,64921.32448
300900,48845.67654
300800,44334.57934
300700,17148.20566
300600,47082.69472
300500,44818.9006
300400,17498.09541
521000,38780.36152
411100,15504.21205
520402,30969.26704
412500,58914.50035
520401,29948.94403
520100,44114.2507
408700,42939.24321
415700,46757.52179
517802,25377.14989
416401,25836.68351
416402,28389.66231
416801,40168.01753
416802,27714.88864
521902,59027.70166
522700,47030.102
407204,31775.70545
407203,23048.96313
980100,0
981100,0
982100,0
9703,68524.12945
12501,62623.98846
12503,54296.46149
6700,65710.28459
6900,52439.64281
7000,44512.58574
1403,33305.42633
1502,30123.77495
1503,22470.97057
1504,32397.83199
2106,25647.40138
2201,38529.37641
2202,42888.78768
2203,17817.30386
300300,23602.00504
300100,44592.40113
520200,45715.37166
415102,66679.57791
415202,48786.33305
411301,40174.72371
408000,40593.53963
408800,37674.2509
413700,37582.37758
409300,38461.47109
519100,36142.61905
409200,37042.95401
409000,26419.72936
519200,37073.35614
409500,42152.38563
407900,32621.13995
304203,36337.11334
304204,8481.418628
406701,25042.05899
406702,11845.75739
406802,21164.76404
414303,43231.41484
414304,13649.43274
406801,11991.63361
7100,59077.36087
7200,40536.5498
7300,23608.32641
12900,19981.546
11700,59975.37969
11800,79318.04377
11902,33793.07031
12101,66279.76997
12200,33585.17598
13104,71883.09907
13700,41838.03747
13202,46365.56102
12000,40473.61464
2204,41379.87339
2300,27355.69324
2401,30477.24054
2404,25415.61757
2405,34491.01712
14804,31243.62586
14805,41349.13693
14808,44918.22914
14809,49389.2614
517801,41981.8192
408600,46353.25634
408900,37560.25873
411800,48745.47218
412200,34837.45948
416201,43961.34666
413600,38164.54189
416202,26593.94458
413400,42367.91546
519300,31177.46353
415500,29319.75729
413803,40385.99281
520900,41447.78198
416000,49347.99932
519802,44674.45259
411901,19725.2729
412000,34266.17236
415401,37725.62256
12102,31713.93917
2402,27553.87036
2403,28358.7833
2600,23959.74114
2700,18574.36136
2800,15920.48126
2900,10352.3018
3000,12585.33506
3100,10143.35007
3200,12518.67913
14806,40785.71247
2107,25486.71015
1505,27387.2293
1600,34337.71422
1700,36056.35827
517705,102501.9747
517701,59417.38721
517600,31781.4719
517500,41724.93042
517400,36197.34207
517302,29331.63117
416600,29355.61806
416300,37823.91691
411600,44286.82447
413500,41651.98693
414002,30189.00023
407700,39141.82731
416701,33133.81267
518900,50547.94775
414800,37817.95041
519900,48493.17428
415600,51778.12586
414900,50742.77321
408400,41974.49025
410900,43983.50701
410700,43196.20083
3300,19053.50043
3400,20797.58181
3500,8829.533335
3600,9269.403603
3700,16010.69317
3800,20212.21069
3900,20206.09581
4000,25148.88512
4100,28983.08457
8000,9478.883556
1800,23811.37301
1900,41727.34937
2000,47647.35302
2101,32391.54868
2104,34916.21597
2105,50392.4572
14810,14005.41845
517301,20224.96997
517200,11094.90167
517102,53359.63562
517101,22713.52768
517000,53338.46476
410300,34496.85853
414501,32545.44288
413300,37720.31698
520001,25495.88994
414502,31530.16494
415201,56559.32746
412100,40369.69107
412301,27768.57342
410800,25857.50766
519000,33313.65556
416900,43700.57889
521100,48742.71912
413100,54492.15074
519702,53044.82404
519704,51479.93062
413002,30788.25758
4200,29086.9383
4300,26643.27653
4400,41128.96336
4500,32377.0183
5300,29280.75352
13102,70029.00423
13103,68668.22068
14811,43348.42459
981000,-7361.662677
982000,0
983000,0
984000,0
985000,0
12802,24036.65715
14901,45760.51067
410100,57610.00708
410000,44648.49789
409900,35076.54257
409800,35393.31311
407201,14132.96695
406400,30316.63775
406300,46603.61248
406100,37393.05855
406002,38832.57434
415402,53962.07699
411500,78498.17219
416500,29095.82932
520002,45277.76831
414100,38983.49708
415000,31145.94986
408100,36325.89509
413200,34618.63496
416702,23845.22561
407000,8496.157368
519602,61826.31955
410400,28309.5324
414700,44662.48188
414001,24433.98674
411700,28836.67191
7800,9049.177164
5701,26075.23734
5702,16437.27301
5800,14535.13849
5901,8784.709749
5902,23054.41708
6000,26464.44458
6100,22149.0007
6200,11511.425
14903,43109.23216
14909,36237.61501
406001,36177.18012
405900,45586.6421
405800,35598.22751
405700,42038.87523
405600,36070.39715
405500,35662.69846
405400,24569.23405
405302,32984.25271
408200,34562.19364
407801,38564.4615
408500,38647.35914
409600,46057.32827
409700,35041.76683
408300,44393.21024
519801,35694.32265
416100,38826.48469
406501,59609.80458
520800,45660.47458
410500,19158.07401
520700,42311.04699
414600,47785.92328
414201,22202.47477
6300,14823.65615
6400,20637.79166
6500,25948.93491
6600,37882.94838
6801,48020.34348
6802,66326.40641
405301,29410.2366
405200,24583.70851
405100,28926.87782
405000,23806.84717
404902,21527.72034
404901,28338.19653
404800,41540.15572
404700,37539.49917
304202,34288.84124
412600,57253.91529
412400,23572.71212
522000,25073.83156
406201,38967.74963
406202,26259.15378
407301,31215.79531
407402,20314.7787
303800,36620.68874
413804,34604.44135
409100,38174.00012
304001,42246.84704
521601,47232.41629
414301,13407.46595
12301,38757.10841
12303,41650.68431
12304,90053.80649
15000,51883.72706
13201,85633.07107
13301,8581.145634
13304,29075.21874
404600,58148.10402
404500,28079.3739
404400,52116.05196
404300,32932.00334
303900,54854.78215
303700,32864.77726
303600,24229.57759
303500,47981.64839
303400,61966.70602
304100,20688.24375
413900,17110.31685
407401,22548.21516
414400,11607.15132
407600,41977.24532
520600,37678.91641
415101,64112.99855
521801,55709.07644
407802,11443.84187
521200,52996.24514
411200,34966.89982
521700,43241.85007
521400,56072.23281
410200,52700.40946
521602,37170.66436
521301,41981.23602
413001,37321.24921
406600,46781.31456
415802,41905.42535
12502,58128.33008
12600,40930.553
12700,66681.28041
13000,25058.37868
13900,36292.39051
14000,38275.51057
14200,21316.88074
14604,35228.74495
14605,18119.46617
14606,71126.70253
13400,25693.71778
13500,34161.42904
13600,20412.50028
14100,13471.12617
14300,8121.310687
14400,26447.70479
14500,25679.70663
303302,37058.96725
303301,44774.31541
303202,37683.9431
303201,56777.07379
303102,37352.6122
303101,45595.74793
303000,42691.05599
302900,49223.08369
304002,24287.96679
415300,40030.07544
521802,51597.87702
412302,38972.58475
520501,33548.0246
411400,38785.74164
406900,16847.37643
412700,62155.48767
521302,50510.38233
410600,41588.30293
519703,50342.15024
519601,35676.77638
519500,27190.11729
519400,45588.59471
518800,56045.9894
518700,41577.13675
518600,53442.90858
14607,39345.3248
14701,36576.82886
14703,33475.67672
14704,30933.90076
13800,31133.61232
5200,47837.40524
4600,56880.54361
4700,105078.0547
5400,78857.4682
5500,57568.48135
12400,89784.92409
7500,69522.11612
7600,48177.21599
68000,34224.21882
68200,30718.61895
68300,26275.36417
68700,35010.04663
69000,34445.51414
69300,22742.60649
69400,39458.19793
69500,29521.30094
69701,21227.15209
69702,36224.49428
70300,36316.51296
70700,45478.32664
70900,58077.47375
71100,35160.84414
71600,0
71900,16943.75537
72100,32952.86832
72900,46073.03973
73100,58127.6907
19400,26865.43026
19900,21916.49366
20500,13822.58347
26901,17209.40633
42400,34452.7828
62200,39057.46587
67100,30279.62398
74900,44380.78375
79702,13989.14163
95400,21573.29814
99802,5171.399271
127700,46629.41955
990100,0
25400,9084.682099
30600,24302.6872
35700,15058.48384
12203,13484.1504
13402,25685.46661
13401,36754.49261
12401,22404.96962
11404,42248.34214
11901,29331.69655
73700,28651.34726
73900,47708.99448
74100,28899.74792
74300,18383.71524
74500,16437.12942
74700,32191.93634
76902,37147.31239
77300,33542.12134
88901,26606.91388
62100,26112.56656
77500,20544.08519
77902,36193.13815
77903,31194.76136
77904,23757.47659
77905,31510.42069
78800,29810.29649
79000,30131.64625
79200,32970.39641
79300,0
79900,24418.65443
80301,21294.81712
44400,3598.007056
53100,27842.54905
58200,26488.24829
108500,43280.80793
109300,39977.60563
141700,37071.01917
6201,31301.6629
6202,26496.0139
6501,25621.46499
6502,27724.03138
15801,11688.84558
15802,20838.98652
18101,16573.85998
18102,28766.49085
18501,32513.85708
18502,26716.28443
25301,25742.14559
25302,23940.56845
26902,15029.50097
30903,22570.3684
30904,25858.75292
8600,29136.32257
8700,10187.99862
8800,31455.79718
9100,31473.48064
9400,12017.30027
9500,24714.84393
9600,24165.538
9700,34393.65846
9800,16073.16119
9900,0
10000,32898.27944
10100,28500.29462
10200,25874.11609
10300,17524.95205
10400,33412.16806
10500,12128.39874
10600,21459.98875
10701,0
10800,26797.64036
11000,13786.64999
11100,44203.41245
80302,43583.94099
80900,30171.95548
81400,27571.70969
81800,24920.39906
83700,24235.42161
83800,25966.88385
84000,24432.01285
84500,14799.73245
84601,40818.37794
84602,20774.47816
85300,10873.77541
85500,18743.67023
85700,13526.54333
85900,14543.79218
86100,26431.44826
86300,17490.91967
86400,25456.07145
86500,5751.72586
87100,5278.288415
88400,37485.06708
38302,0
43701,11716.14916
43702,19734.18298
44301,12008.82401
44302,18544.19207
61302,0
71303,25192.16215
71304,24304.83544
71305,34424.38858
71306,23472.18635
71701,27744.74845
71702,25153.84035
75701,38178.95054
75702,38309.61417
77906,22531.64415
77907,20959.86611
77908,18482.31172
79701,24994.70408
93401,32477.74704
11200,14737.50013
11300,22886.30359
11400,24019.02679
11500,26717.70824
11600,7504.947394
11700,27966.93322
11800,23739.02512
11900,21103.07068
12000,25669.85306
12100,21242.07874
12200,15787.67387
12301,31194.02498
12400,12614.22761
12601,18462.11517
12602,21732.28477
12800,19203.39924
13000,48608.12199
13200,23344.87617
13400,28207.18392
13500,26616.96424
13600,21741.0264
13700,28158.74754
13800,24333.69457
14000,31214.245
14100,24242.68725
89200,50750.09226
90700,24208.30476
91601,48984.53868
91602,0
91800,0
91900,35451.2096
92200,57951.52533
92500,22175.35628
92800,53329.94309
92900,40013.10958
93800,18087.03144
93900,33691.15314
94201,17141.95554
94202,20387.53993
94203,31778.81154
94500,32536.02126
94700,37509.3259
93402,40546.29619
38301,0
97203,8362.177593
97204,22059.48425
99703,49141.69778
99704,34368.00149
99705,44740.22791
99801,24706.75109
100801,26462.43017
100802,23149.62311
129103,41736.24212
129104,42801.47217
14201,21175.96395
14202,18682.11648
14300,27773.77806
14400,25936.8356
14500,29331.36214
14700,24785.09041
14800,14641.23975
14900,19663.82035
15000,33875.60472
15100,32626.6353
15200,19206.90553
15300,27091.3501
15400,28915.03587
15500,26977.96669
15600,32118.89354
15700,18412.92522
15900,17846.744
16100,21087.26537
16300,12884.32827
16400,17766.02711
16600,19088.38857
16800,14085.02777
16900,33291.0092
17000,17368.89851
96400,29705.07186
97300,50036.93126
98100,35012.68764
47000,26388.15591
47100,11780.17968
47200,31442.14378
47300,30256.05585
47500,21779.40786
47600,58975.34757
47800,33499.98172
47900,26450.32654
48000,30278.14418
48100,15790.78298
48200,53672.43303
48300,16338.29128
48400,30747.1873
48500,18737.34229
17100,0
26400,18316.44817
26500,17487.5279
26600,9272.438424
26700,19552.86804
27000,32488.58637
27100,15479.41829
27200,13108.00805
27300,25357.40386
27400,27472.1191
27500,24812.87692
27600,15216.0923
27700,18275.39668
27800,9268.642127
27900,20757.77184
28000,27276.23085
28100,33413.87798
28200,39925.01881
28300,18536.1226
28400,38637.06593
28500,36897.87738
28700,21072.9337
48900,14619.16938
49200,19781.41967
49301,33687.07342
49302,17584.55678
49500,27859.4809
49600,24543.50166
49700,31724.09213
49900,23295.05748
50000,14971.56374
50201,49721.50916
50202,25045.78171
50400,35339.64283
50500,42405.03804
50600,22497.1081
50700,43476.80954
50800,19773.04487
51000,48277.18257
51100,21932.5616
51200,40673.89045
51300,23430.03704
28800,28483.5699
28900,26463.09874
29100,25085.90012
29300,42178.30522
29500,34701.47528
29700,32734.73155
29900,0
30902,19443.72149
31700,32545.47312
32000,32080.50842
32700,17487.27204
32800,34309.01687
32900,22625.95578
33000,34198.94872
33100,0
33401,30550.46978
33402,25282.12287
33700,6703.040246
33900,32627.28082
51500,30966.22701
51600,43694.18939
51700,33255.78178
51800,36366.86801
52000,42220.75103
52100,34998.02854
52200,40691.97565
52400,30909.72165
52500,40916.14269
52600,37464.49798
52800,15996.01316
53000,20719.53522
53200,41827.36782
53401,46172.26642
53500,23539.67775
53601,43881.56002
53800,36670.44844
53900,26351.82188
54000,28739.15566
54200,35883.91461
54500,19239.73052
54700,19756.6881
13100,12957.57702
11200,41888.99986
11401,43463.46953
10802,35014.84566
34700,22902.60378
35100,31316.29047
35200,29150.70968
35300,29404.74608
35800,31882.43519
36100,18793.26069
36300,24781.07463
36500,23803.40317
36600,18645.00828
36700,23277.21782
36800,27054.66057
37100,27603.72918
37300,27290.79704
37500,19745.07724
37600,35991.06484
37700,15718.46754
37900,21587.89042
38100,18787.81096
38400,33507.91244
39400,32621.57667
39800,24162.48053
54800,39037.23409
54900,21263.01715
55100,17535.29626
55200,22495.09012
55300,11762.51002
55400,36817.59802
55500,16796.6168
55600,27168.09638
55700,15288.85092
55800,26265.43803
55900,1898.886572
56000,39061.80759
56100,66689.33407
56200,22525.82315
56400,33959.50079
56500,16798.59922
56600,40804.63844
56700,24737.47607
56800,31457.75377
57700,23942.52289
57900,6850.979521
11102,30817.93718
11301,26571.4732
11302,41010.68669
10801,57414.88134
39900,28471.73795
40000,8389.726457
40100,15709.15299
40200,45777.22487
40300,25704.40666
40400,17616.18249
40500,23851.63461
40700,21043.73133
40900,3346.884856
41100,5861.724901
41300,17732.77758
41400,12357.91886
41500,23044.31112
101002,794.4092321
42600,0
42700,25399.33815
43200,34517.15708
43400,18032.31718
43900,17192.62159
44000,21972.06011
44601,23773.31501
58000,39780.27714
58100,17432.82075
58300,27563.06656
58500,24233.94403
58700,21596.89865
58900,20552.90064
59000,27798.22877
59100,19556.98779
59200,50771.15806
59300,25434.86612
59400,45825.56222
59500,25645.3794
59600,49400.65165
59800,27875.16936
59900,33437.30971
60000,27514.06636
60100,30421.65283
60300,24182.14374
60600,36166.17839
60701,0
60800,55527.02191
61000,32053.02269
10803,42893.29946
10901,40628.32293
10902,35331.8956
11603,35198.02126
12300,23785.17961
11000,41269.83272
44602,18951.80655
44800,21677.30606
45000,14185.4201
45200,24445.80824
45400,23555.53706
45500,26717.71918
66400,35345.71262
45700,20231.22729
45800,31638.8825
45900,35164.35878
46000,7960.411373
46100,11763.46465
46200,14472.83761
46300,24515.87215
46400,34003.27961
46500,16286.44345
46600,31639.57921
46700,16785.39572
46800,17831.32346
61200,63269.88868
61400,52915.6726
61601,54966.31282
61602,36719.94412
61800,27998.73099
61900,25492.26333
62000,38725.56177
103201,5675.925454
62300,26493.94622
62400,0
62500,31163.28018
62600,43457.27137
62700,28452.8998
62900,16577.48042
63000,45664.21964
63200,49133.69656
63301,37962.76048
63302,32779.17407
63500,32620.17656
98700,36803.5492
99100,46829.75516
11303,28376.62034
10101,47697.26657
10501,45091.43797
10503,57926.85682
10602,19733.77592
10702,10170.76906
46900,15750.07792
17200,26067.71147
17400,29331.2985
17600,22391.86161
17800,18291.81162
17900,11315.93821
18000,16824.19188
18200,14694.02833
18300,23681.73849
18401,21797.66561
18402,35828.62187
18600,22224.25219
18700,29381.45428
18800,47611.50205
18900,27414.28317
19000,27302.51506
19200,28368.93212
19600,16174.91488
19800,15190.69015
20200,23381.09365
20400,12498.5817
20600,24406.9178
99200,19711.27703
99701,27629.043
99900,0
101001,11828.302
101700,32600.45825
102900,38332.92132
103202,20452.23385
155102,43582.05494
103300,41910.98093
103900,31208.33417
104700,42874.69408
105900,38844.89224
107201,42611.77551
109700,40082.78842
109900,21893.48476
10701,19571.00913
10502,21840.80734
10703,9238.640556
11101,30808.8106
12502,49893.4528
13002,42324.95085
20800,21545.73217
21200,15214.78005
21400,25833.76272
21600,33192.59817
21900,0
22001,27107.25466
22002,36441.45777
22900,0
23000,32366.04899
23200,34034.95236
23500,22322.94947
23600,10706.26021
23800,18748.13509
24000,17620.6375
24300,26346.7449
24500,12918.44891
24600,0
24700,33630.53549
111300,54210.04298
112300,35684.63238
112900,38738.16072
113300,41635.32722
113900,36238.16288
114100,54106.08768
114700,52917.65845
115100,45209.429
115500,31141.79437
115700,25420.6461
115900,16172.26767
116100,18348.55315
116300,14332.74269
116700,26320.13498
117100,20175.80529
117500,27973.16937
118100,20827.43977
118500,27358.27482
118700,33945.68781
118900,24388.39498
119100,21249.54361
119300,35423.53589
12600,37659.45862
12700,35407.61458
12800,59742.78941
13300,35022.45427
13200,36228.67016
11501,54174.39976
11502,42252.43563
11504,39202.74215
11602,25748.84783
11601,32025.98174
24900,33977.62068
25100,33232.32999
25500,19900.20866
25700,33186.88686
25800,27321.89608
25900,24511.23717
26000,19592.37877
26100,23176.25147
26200,16922.12548
26300,22626.73487
45600,9852.697466
200,21919.96262
700,23963.99181
600,18333.69973
100,58845.41064
400,28078.79307
800,29021.18383
1000,28077.8063
1200,29267.14249
1400,26820.24525
1600,14657.71696
1800,26440.00975
119500,39381.06139
119900,7882.08578
120100,17117.13308
120300,30343.02168
120500,11517.48077
120700,36866.56209
121100,0
121500,33802.59857
122300,39329.85856
122701,28400.82618
122702,7936.132589
124100,39598.75456
124700,34804.20295
125700,23164.46865
126500,25273.49515
155101,28014.93574
128300,0
129102,63689.43425
11700,32657.39773
12202,10343.8533
13001,46366.6422
11800,39825.64624
12102,-1507.334134
12101,13734.24755
1900,30818.82144
2000,21676.72703
2200,19821.56144
2400,33584.806
2500,7222.729361
2600,42938.65112
2800,21501.09246
3000,19575.78423
3100,11792.45846
3200,41332.77395
3400,21831.70259
3600,20931.22707
3700,0
3800,20129.99471
3900,12969.81752
4001,17973.24198
4002,36179.36925
4200,24810.40815
4300,5969.7004
4401,19113.12392
4500,38996.51794
4700,17697.83566
130100,41013.82219
133300,48804.67697
133900,44448.46527
134100,39880.97616
134700,25238.31706
136700,36938.99661
137700,32781.61657
138501,30710.61658
138502,0
139900,37875.00047
140300,20340.70962
140901,21034.39981
140902,42866.47829
142900,37959.03041
143500,42542.93227
144100,33343.72905
144700,20157.20408
12501,28802.68313
12000,25702.74646
10601,31402.5612
10102,40531.35884
10200,31924.54237
5000,0
5100,13091.09143
5200,24443.50666
5300,23588.57951
5400,24527.928
5500,18799.52009
5700,22028.34561
5800,25556.42235
5900,25740.96211
6100,25246.67969
6300,21008.62954
6900,23538.07248
7100,18034.38396
7300,30240.52626
7500,12896.795
7700,34317.1497
7900,17197.57643
8100,26727.36997
8300,18469.50049
63700,29179.69889
63800,37402.53787
63900,29836.57802
64101,31275.16757
145101,26497.04153
145102,33014.74064
145900,38898.65739
146300,36307.49247
146700,25211.43332
147100,32000.00415
147900,34661.06719
148300,57644.16159
150701,54874.81175
150702,40608.09296
152901,37306.64905
152902,34993.667
156700,45888.18079
157101,34687.69343
157102,27276.28547
157901,46369.03723
157902,37102.21586
10804,42369.6027
11403,46854.37308
12103,12229.06564
13003,43010.96198
12402,14661.90046
64102,0
64500,35469.81692
64600,35158.41574
65000,62573.75899
65400,34356.4863
65501,0
65600,39095.4286
65702,19774.49494
65900,37349.68171
66000,41434.10732
66100,39033.52822
66300,23950.65728
126700,47158.72986
66501,28385.84314
66701,36091.78093
66900,35512.72505
67700,36282.69765
67900,25714.49187
157903,42447.71009
161700,45794.60776
162100,30716.28727
97202,1478.490376
76901,34146.74705
107202,0
12500,26051.29188
29400,33256.58892
61301,32128.53783
65703,29011.77068
72300,74477.36463
84900,19137.61597
86900,14439.29584
3300,25094.96785
8500,22235.02545
11405,27801.83338
12106,13766.54672
12105,2475.833699
11505,625.2140302
11506,2159.501094
11902,21584.34929
12204,9219.555832
158401,26635.06704
158321,34400.72398
158320,35035.04342
158319,25287.77583
158318,35987.12638
158317,25798.64005
112206,30102.348
110600,38742.86048
112001,29080.4678
112002,41195.10323
111900,42840.20043
159602,31878.28419
159601,26785.84641
159508,29686.20346
159506,32808.02751
159505,30548.56659
158315,40626.25716
158310,21023.88852
158309,21012.30931
158308,28989.58556
158306,36064.90026
158304,47212.82822
145803,44091.56939
145804,34350.71946
146203,23582.45482
146300,14818.2423
158506,27243.91428
158006,41319.44311
158107,33853.65724
159410,47266.54627
159408,41810.2711
159407,35992.34862
159406,31227.13638
159404,22235.43708
951900,17592.52381
158207,41022.74799
158206,29638.70638
158205,69037.93798
158203,28389.43302
158202,23806.87315
158116,50378.9393
147503,64977.79555
147901,24817.65504
147902,41446.7754
145903,29671.09634
146003,25313.49526
147100,43743.26405
147200,13848.72239
147300,15710.6835
145901,18250.4777
159300,30224.73276
159204,37587.16237
159203,44965.43596
159201,39246.76384
159108,45355.55189
159107,28915.41123
159106,32071.29563
952000,24693.22871
950400,24278.23276
952200,27271.57525
952100,25388.7719
950800,15790.14554
950900,23880.75355
951000,16815.12498
951100,20279.75106
951300,26494.70486
951700,24618.48716
950300,30359.62087
952400,20562.33257
950500,11051.07105
950600,22386.27712
950700,10368.36794
952500,18218.38622
951200,22562.60819
950100,21666.4952
158115,36515.48856
158114,47783.60784
158112,19186.78964
158111,34796.9219
158110,36762.96987
158108,49582.50265
158104,33812.78789
158103,17226.98361
146703,30944.38676
146606,44251.89948
146607,32937.54515
145602,21264.19844
145603,21296.82087
145604,18980.042
145605,22595.19375
145702,25617.28475
146001,22888.24488
134907,48653.03781
159105,18490.02054
147004,29073.6668
159510,35714.18045
135208,41806.56392
147003,49445.04689
158011,33466.85188
158010,56091.14625
950200,25861.30324
951500,16083.84464
951600,13808.98719
951800,6321.811988
952300,25526.00485
158102,18571.42323
158009,57575.09523
158007,18081.39322
158002,45720.62616
158001,49241.75418
123500,17355.03876
124200,37763.83593
146105,23004.54426
146201,19252.42207
146204,41246.17652
145703,22820.27215
145704,24643.54669
146202,28134.71556
146403,24759.23646
146404,22443.79677
147501,25750.63194
158323,36792.76757
169704,21845.09114
169703,47561.82413
158410,12025.6706
159412,26835.19764
158409,23403.05922
124402,33201.72187
123600,48895.70393
124300,23656.40175
124401,29231.52392
124500,36828.05104
124601,31605.13796
124602,38021.94482
123701,22652.74521
123702,28993.79067
123801,35391.82602
123802,26944.48758
147502,36477.37807
145701,28930.24838
145807,41455.69816
145805,32688.39478
146608,29041.76646
146612,44997.54172
146613,36888.85571
146614,38420.87508
169901,15451.70178
159512,32456.09191
190503,21206.20829
190504,36616.22899
169902,32713.69361
190604,27024.98315
190603,17639.59739
200902,28011.89078
122601,26147.0061
122602,36894.80264
122704,28250.45868
122705,40493.87264
122706,31222.30214
122707,31624.24723
122801,22463.98394
123201,26181.93889
123202,16525.5226
123401,31859.4765
146615,34451.64199
146611,34310.6612
146103,39814.74023
146205,35310.8494
146206,18810.17124
147401,30571.23481
147402,45158.19387
146500,31774.79794
145902,24471.78494
146002,19365.24838
200901,21854.78962
158322,27863.50777
159509,18722.7243
159411,44880.94974
159511,31040.87506
135209,34086.72061
146106,31310.2778
123900,37654.74387
124001,30823.24498
124002,37400.22137
124101,38705.79641
124102,28348.89589
123301,13832.36528
123302,18402.1781
122603,28179.16123
122802,32776.19587
123101,39617.63785
123102,28723.55805
146102,24234.78296
146402,31464.20272
147601,45323.51892
147602,21896.9595
145808,33869.6069
146604,36093.05285
146605,45559.76906
147701,35227.85415
147802,44408.96408
147803,23639.03879
123402,24953.16894
122404,34138.53569
122502,32492.08492
122901,32419.67738
122902,17291.55413
123001,31683.66993
123002,31312.10342
122403,31148.96994
122405,35456.2169
147804,38692.41649
146704,26888.39027
146705,42204.31058
146706,26700.63799
146800,30193.21767
146901,32760.74663
146902,47402.5839
147001,36027.30159
147702,35098.2074
122406,18695.94286
122501,7076.818376
135003,32932.00841
135403,38248.99224
135005,19970.95193
110101,66859.16864
110801,46840.6262
134903,34900.55009
135004,55313.22973
135101,32880.49699
135102,55615.64697
135103,49713.17566
135201,38938.56459
110402,31009.3615
110501,26154.42724
110102,42418.63234
112214,30512.39722
111802,38252.67007
111803,36664.54997
111804,39416.84823
135205,38548.05662
134703,47915.70129
135301,44629.52877
135304,31380.54082
134702,26731.15534
134704,35390.69139
159103,17714.61203
159102,21592.76121
159000,23221.94456
158900,16515.13563
158804,28917.28751
158803,34910.14973
158802,35290.88619
112103,31347.73636
112102,59021.37915
112104,59405.27611
112210,33455.2211
112211,67220.80456
112212,52526.42753
112213,60008.75675
134906,32393.71953
135401,38741.16551
135402,44786.41621
135002,30761.96639
134902,41303.64331
134904,31980.1091
158712,32495.96559
158711,30449.73577
158710,28365.35795
158709,23150.45466
158708,26990.9274
158707,42375.24998
111503,22592.90878
111601,34175.04927
111602,41472.9438
111701,37327.82693
111703,37942.94301
111704,55088.93899
111504,28736.66615
135104,51582.06313
135204,46499.61267
135303,42638.57141
122300,35958.07015
201100,29062.2019
201004,26666.88094
158705,17920.03946
158704,21073.03575
158609,34387.02001
158608,24979.71453
158607,28873.85039
158606,30473.50843
158605,45056.28458
158604,46281.55165
158512,45433.40885
110803,39311.44839
111506,18851.58464
111801,27067.97179
110502,40229.95902
111505,33949.28124
201003,24587.59174
201001,16997.65948
190800,29292.95655
190708,30638.60134
190707,29588.11042
190706,21165.65222
190705,21425.50388
190704,37058.77715
158511,40483.3933
158510,24912.74137
158509,23544.30034
158508,32386.9903
158507,33857.84699
158505,34742.08072
110300,32890.69486
110200,49432.07311
110401,56719.25057
110901,26966.52585
111001,22721.91663
111300,51534.66689
190601,33607.45715
190502,29875.71639
190403,21888.68104
190402,20522.12745
190401,17862.9599
180300,30446.13084
170202,30247.70758
170201,28873.42359
158502,13946.33091
158408,20942.38536
158407,27543.34517
158405,48234.73129
158403,36056.52848
158402,51853.24383
110902,7622.858268
111002,15452.91256
111100,22391.49389
111201,22478.31219
111202,21659.39306
111401,47720.99763
111402,38024.34382
112204,46528.68093
170101,19240.01581
170002,30697.90796
170001,42003.65442
169800,25033.07746
169701,43957.12333
10700,20711.15808
10800,25380.30246
10900,29348.79472
11000,38685.31882
11700,29340.75217
11800,25091.5532
11900,35620.8567
11100,30522.99257
11200,20625.23774
11400,45097.70074
11600,48256.20526
11500,34217.79723
11300,38743.92824
10500,50631.04066
10300,27816.77308
10400,24047.47304
10200,32802.81045
10100,26410.74144
10600,26019.01539
15005,-74.47097656
15006,-554.2130534
14102,30540.93039
14101,24942.57893
15003,-1152.314234
15100,7052.49485
37600,28029.92154
24800,31681.27065
23301,14486.28723
19400,14496.07635
45600,34754.13935
5001,10514.45346
5002,11026.53086
5300,2316.127678
15004,-2169.076187
11601,19556.06535
10901,29644.11278
13201,35053.15956
501,9407.117078
11101,32330.69218
15200,37368.91931
15100,12604.21929
23000,17843.10298
13200,40329.3644
7900,6688.725346
8900,4674.793223
21601,9267.868723
3800,25564.83894
25000,23310.83442
28900,23079.16834
25300,7058.258302
17300,3802.505461
6500,6562.249764
18900,12634.54243
4300,11293.5425
11800,39122.51892
6800,12762.81848
11900,5573.580221
8400,27056.17867
8700,10380.28669
13500,5582.944717
20601,17007.16181
22401,18659.91334
23100,13107.72583
24700,29194.749
3900,16018.11365
20200,12761.37124
23302,3253.228561
7100,12673.3199
39100,6102.042393
7500,10664.18047
21302,11470.06049
6900,8282.595419
12101,18770.01887
21900,18228.73776
7300,13037.19976
41900,15081.72684
35800,25507.5799
12701,5636.959304
100,0
34200,33897.9307
11000,20682.85863
33400,10823.55698
24100,10903.16799
38200,18849.02665
9800,23342.24337
4100,7317.411411
39400,17008.29106
21800,13564.51634
36800,31766.83657
22500,17950.3012
41500,12405.21
3100,16912.1567
3500,8745.593559
8500,8884.48109
12102,-17.72862002
21100,11259.57582
23200,23740.02158
22404,25914.37591
400,36595.79562
26602,22111.04588
2000,12085.03573
3300,5492.272723
14300,3202.953757
22701,15972.93859
38900,7481.60702
13800,30123.5069
2400,0
7400,19417.05904
40100,16409.33436
1600,10567.06211
16300,0
8300,10998.57372
23900,4521.659125
39902,8989.413964
34400,9658.599581
23600,13404.94717
26500,7425.071034
24600,39739.74599
39600,14245.7836
28700,20973.42789
21301,8720.869191
42300,17680.44879
21502,9474.503439
5902,19648.18502
25200,23609.77019
40702,12103.02928
42800,35747.74873
42600,31475.60567
30701,42629.58887
38700,12267.48944
45102,43760.89692
41800,17565.72825
28300,21677.34344
33600,13614.23018
25600,15371.54782
42901,10509.81737
29600,11085.46428
35600,44442.06562
31000,49592.47001
6700,3962.813836
27700,11940.29961
28800,34488.12701
33000,21826.37811
31600,29120.81905
27600,0
40400,16960.64777
41400,19195.56149
33800,19029.43726
31400,37050.72983
31200,31904.49088
26900,16065.96101
22703,21235.25817
37000,34858.32847
15800,21615.91037
27300,20964.23066
37800,20653.57237
32800,16595.68049
34000,19952.58252
45800,14100.79633
43600,22828.31224
42200,25179.41968
31900,0
37400,7176.151798
39800,28961.51994
42100,18299.73454
7700,15891.40447
6000,10732.78383
13300,8177.460992
22000,-1300.97004
15300,3266.811245
22800,22916.00577
19500,18208.29336
7800,15741.37727
6100,21183.7506
21501,12744.84401
23502,8704.647141
11502,6198.206182
13300,31310.34276
13400,36868.11608
16100,6441.71347
16000,40254.19477
37300,11143.27649
9200,20496.05714
4800,9720.563964
2500,4622.755756
51600,26279.21955
37900,6129.143204
16600,50507.63456
12500,11957.43912
16500,-1132.224158
42500,11065.40884
12300,4418.677532
5400,13398.05301
6200,6389.729688
13100,8748.628103
6400,19337.55453
13000,53021.34339
36300,5309.938527
43100,14661.27507
42902,12711.69494
30000,26190.46734
14100,6426.309922
14301,29201.59467
14302,45606.3648
12900,33547.99685
13000,29284.39633
13100,20871.47996
13600,40596.30121
13900,39460.02879
10600,32907.43907
11900,31825.175
32300,36400.67873
30100,51376.44665
48400,20166.96003
45101,28293.85555
14900,10042.32791
19700,9886.636108
38600,18062.74419
36400,32295.45217
36700,3443.203989
36501,11745.44335
14400,11290.67071
15700,8818.441164
36100,5533.978292
34500,34978.96258
30200,35219.68858
46202,16234.10454
44902,31073.12344
16700,21467.4519
35900,6832.089506
17500,3461.40661
38000,15975.38517
21602,25742.1038
12100,22647.8553
12200,46108.46928
12300,41255.87727
13800,36128.23429
13700,25271.59404
1100,19617.86018
1200,16284.39906
1300,27880.87804
1500,16218.57784
26400,28919.84695
22300,11746.35064
21200,28690.07198
26300,6469.239396
39901,6246.951173
14500,7721.634355
18400,27047.48268
19300,6534.839846
25400,26950.1113
16200,31430.89723
2702,8049.825036
22901,12173.36802
25500,8354.099707
38500,6321.052695
32400,12648.92569
19900,14406.66614
200,25043.69714
20100,15862.97208
29700,51534.2179
28400,56209.48347
4001,22107.60943
29500,38680.057
1600,27284.67096
11200,25322.67909
11300,19137.42747
14201,36608.63347
14202,48055.84258
10500,32158.35469
35000,39197.77169
24400,41296.22834
8600,10949.72784
24300,11198.817
36502,14184.26313
28100,26203.61309
22902,7419.658647
7200,18091.44911
24000,13257.42512
37100,5379.462992
38100,11358.81874
34300,19596.99487
39000,11711.95262
25100,9450.472381
39300,4396.232381
5600,14759.4804
16900,8024.780443
44800,37568.92315
46000,16182.54029
42000,29478.28904
36901,2054.718781
28500,20868.38483
35100,31540.31573
10700,20967.81942
11500,30148.84694
100,20642.96554
200,18439.93568
300,11870.62425
400,6246.881106
39700,4386.292076
22702,34774.13799
41100,20330.33002
41300,21859.0228
39200,30858.675
40600,12126.82225
44200,11415.18905
40701,8414.701565
27900,27004.57747
40800,11731.87282
26601,30756.23042
44901,35469.50532
38800,5506.100313
40900,29784.14637
46201,32256.44972
7000,20581.32561
28600,47667.27776
5200,18941.56965
31800,27750.29941
23704,8352.816063
43000,16284.17786
600,6456.866846
10200,27020.41366
10300,31369.24304
10400,26510.20284
12800,40782.07175
12700,22071.31056
2100,16689.04043
50400,0
42400,32895.87635
40304,13836.10598
20400,17250.06498
17100,0
4400,5031.867061
23501,10746.11702
2800,24898.29786
2701,8327.368522
2300,5880.316281
37200,24423.71275
15500,8344.873825
36902,22532.44897
24900,0
43500,6179.010502
3700,4940.85393
4600,8365.786314
16400,43948.55394
25700,11946.82449
26100,36740.61087
12901,5372.601386
2200,6921.473458
2300,19287.8362
14900,19626.61729
11000,32081.9436
11400,35088.49575
14400,34576.8383
14600,28938.44661
14700,31691.59581
14800,27697.0765
15200,22013.6002
14701,7412.271106
14702,7313.114946
17701,3745.529903
17702,6744.145888
17901,7436.997139
17902,3682.505912
18101,16549.33396
18102,19413.88143
18301,13222.03169
18302,15427.5951
20501,11414.61931
20502,19520.56641
21001,26072.63885
21002,26456.71319
22101,12864.67954
22102,7991.818055
22403,19298.59668
23703,11026.83749
24501,8375.209187
24502,17130.54843
26701,9513.049917
26702,14528.71051
27401,32607.41479
27402,37683.50474
29301,61924.70283
13500,42096.88036
502,13660.76734
12602,15575.30834
12601,26128.56124
11802,48472.18216
11702,39713.1442
11801,36990.23048
11602,19084.15075
10102,35867.70091
10101,31779.05176
29302,46956.49849
30900,48507.69649
33201,22765.17916
33202,5759.118507
38301,10358.85662
38302,3703.151093
40303,9991.574325
40501,13830.45993
40502,7051.834904
20000,14644.65799
21700,4088.049834
23702,6323.552725
32600,38714.25112
33500,55559.80554
33700,37336.27734
34800,18744.53179
36000,33550.7951
39500,11855.88147
40302,5027.4643
43400,21214.74311
44400,28999.51208
10801,30269.70583
13202,44660.31686
10802,27962.59387
10902,34561.80433
11102,23139.58683
11701,41207.80555
14502,52661.93399
14501,30995.26178
1900,10114.9955
4200,19956.33817
5100,6519.124209
6300,12981.72943
7600,17704.15354
9000,5279.552381
9300,15447.76667
9600,14795.36808
11700,-1240.164451
15900,18133.60163
18500,7916.662422
20900,13213.53485
22200,13118.8125
23800,22544.93559
37504,6069.563461
30300,90313.23779
35300,95731.15401
11000,91966.73157
30100,93859.99819
30200,57212.24638
30400,39424.861
30500,44288.85224
105100,45428.81972
105200,61921.65819
60100,55847.65032
60200,35074.78038
60300,63332.88012
60400,95115.43016
60500,86908.79076
60600,33610.61991
45300,80451.28765
45400,47238.36858
230502,32750.96868
230501,55729.11019
210702,15792.62163
210701,25720.49332
257200,17473.56291
60700,61494.43521
60800,32482.52103
60900,47460.68314
61000,21767.87391
61100,59632.00011
61200,28203.4866
61300,31650.15781
61400,36048.20168
61500,33621.09229
61600,48835.24506
10101,39223.454
10102,95937.93832
10201,95229.43261
10202,69771.04587
10300,37037.92207
10400,19127.73069
10500,29449.03408
10600,17631.56368
10700,23156.30067
10800,42396.22718
10900,33995.31426
11100,81210.4136
11200,100348.5217
11300,23634.45339
100100,46283.75707
100200,43056.67321
100300,52499.595
110500,45608.22012
35100,40272.17501
35200,97941.77063
35400,95812.59838
220100,48344.4499
220200,47978.97954
230100,37674.18905
230300,59328.57965
230400,49602.9763
230200,42322.45214
42500,47664.65069
42600,35820.47033
42700,38275.08126
42800,31712.29207
42900,68773.96922
43000,39420.33374
43100,38080.48126
43200,22375.80993
43300,29387.80763
43400,15426.82355
43500,20062.91006
43600,39565.17115
43700,11751.69457
43800,25169.935
43900,37516.87913
44000,21003.88151
44100,11388.11469
44200,19194.8582
200100,22629.70402
200301,40358.44084
200302,54019.09005
200200,24855.90431
70100,25100.72088
70200,14045.36528
70300,4208.517446
70400,14441.55049
70500,542.623041
44300,37972.62396
44400,16457.85727
44500,1419.663285
44600,49815.5914
240100,40567.70176
240200,51695.32462
245100,55362.53842
245200,46154.16092
245300,25449.66866
245400,59619.6409
245500,55251.86727
245600,74464.39161
90600,45697.44418
90700,59111.47222
70600,2987.699461
70900,3998.234162
71000,9759.712751
71100,9960.019044
71200,6126.64899
71300,8034.951457
71400,21481.3383
110100,24094.0293
110301,30016.26876
110302,46279.67866
110400,41715.78467
110202,29618.85164
110600,42868.17083
257100,52895.69853
20100,15095.46081
20200,83074.75421
20300,74341.69317
20400,60967.52191
20500,52321.51555
20600,37398.35866
20700,43058.92246
71600,2680.372679
71900,16214.2493
72000,9850.349449
72100,19905.37992
72200,13017.37232
72300,19752.1588
20800,47474.99086
20900,30374.91357
21000,28377.4295
21100,33563.84064
21200,35659.8175
21300,20530.23561
21400,3900.090981
21801,35191.13887
21500,11749.17388
72400,35322.49422
72500,32794.88238
72600,21881.91846
72700,30786.4742
72800,23706.36796
21600,25539.0769
21802,13874.9782
21700,21602.75496
21900,18604.19734
22000,21521.74485
22100,9880.532929
72900,18051.89045
73000,26791.32947
73100,12838.73126
73200,18945.68955
73300,14683.30971
73400,9221.088806
73500,11620.24017
73600,13410.44749
22200,14771.23133
22300,28877.72944
22400,43462.31712
80100,19166.75233
80200,21783.63955
80400,15043.73217
73700,10783.97991
73800,14072.27637
73900,2604.418595
74000,7981.57329
74300,15334.82502
74400,10852.17096
90400,30444.84048
90500,48389.09115
205100,47279.15944
205200,57121.30929
205300,41293.26804
210100,15765.14601
210200,19550.1353
80500,33574.25286
80600,25497.17437
80700,25543.23438
80800,44824.97352
210300,27456.09113
110201,31584.59808
210400,21085.94941
210500,36215.55489
210600,21040.31626
210800,50687.43064
210900,40506.66572
211000,28280.98007
211100,0
211200,33254.93012
211300,42164.98822
211400,32371.03068
220300,36639.68388
80900,28395.26187
81000,31630.12731
81100,39906.49362
81200,37514.82885
81300,39414.39635
90100,54166.9128
90200,44561.90407
90300,42006.27153
50100,71068.95605
55100,78069.42168
55200,87614.26054
50200,39700.25532
50300,62917.43883
50400,47786.06771
45102,47209.62508
50500,39028.27284
50600,49038.5065
45101,73674.31992
45200,34029.11505
253600,10725.73179
290100,41327.25687
320100,27193.14434
342100,34721.152
250100,32043.42067
253400,41160.55298
293100,32239.58995
263200,35351.65289
296100,30505.95242
298300,31030.0292
298400,43974.96101
310801,10158.14766
266100,26065.39146
300100,30950.13842
300400,28543.90133
300500,32166.13274
303100,32873.05844
306100,31374.21153
310602,23931.17335
253200,39104.64698
253300,31171.64081
253500,40988.90024
253100,28942.83908
260200,19761.08713
425300,33444.5212
425400,32195.91954
425500,30836.70478
268100,35019.40204
261100,26626.13502
262100,26738.7387
349100,33936.28007
349200,19996.22112
310100,15473.54762
310200,15542.4716
310300,9191.130897
310400,23088.11321
310500,16056.687
310601,35309.32944
310700,24528.99006
265100,32890.33071
267100,22286.21367
360100,32855.76649
360200,43779.59481
360300,33287.34091
360400,30467.88478
320200,22511.24195
362101,21296.7502
362102,32987.23829
310803,22050.38113
310804,13976.72097
425600,28126.98726
345300,15833.53901
140100,12852.28432
345400,27213.01103
140200,5960.227658
140300,13640.17886
140500,13898.93283
140600,7438.353333
140700,5113.225345
140800,10901.82392
140900,13769.8687
140400,8358.215887
142800,31874.28937
141000,25011.70427
141100,38534.18566
141200,13882.44613
141400,14740.7603
141600,8303.426135
141800,20120.85615
141900,23666.64796
150100,29381.49361
150200,26184.91645
150400,21551.39019
150500,27899.52632
150900,41410.60337
142000,13897.00115
142100,10027.45525
142200,21297.21132
142300,8891.756631
142400,9040.763673
142601,15478.59975
186100,29863.11464
186200,41866.68482
167100,46213.65967
167202,24299.75167
151000,34483.43171
151100,34440.0027
154500,17122.47114
154700,29686.56264
154800,29006.13516
155000,19711.51458
155100,15612.68781
184300,26194.78297
190100,28485.82968
190200,32578.43761
194100,37725.09655
167300,34830.11329
157100,26754.28424
157200,42776.25617
157400,40911.11578
346101,47096.31955
347100,37897.38486
347200,39515.47324
130200,38958.03377
125100,30165.6355
125200,22404.08963
125300,18944.58939
125400,17040.8073
341100,37210.62628
170200,889.0137263
348111,35517.06558
175400,20904.95493
175500,33068.48454
175600,29983.90518
175700,48268.82915
176000,40831.01892
175100,27253.81299
175200,16444.88864
161100,49261.50963
184200,26770.15547
184400,35639.07004
184500,31376.13947
184600,32216.87573
175300,27845.37987
175900,27097.35766
350100,2180.546468
350200,6362.831472
350300,2836.939599
184700,28627.14249
184100,21178.51512
170500,40011.51871
351602,21077.65005
343200,54313.02542
343300,39699.32334
343400,45319.38291
120100,28103.6874
120200,17760.89736
157300,43063.34637
350400,7459.77425
350500,5574.347793
350800,12668.12238
350900,38836.16567
351000,15695.41956
142700,21328.98226
180100,24549.20196
180200,26597.67547
180300,13699.64332
180400,23200.75121
180500,25666.53825
180601,18159.11315
352701,20686.3846
351100,14538.84377
351200,9286.173882
351300,16198.13414
351400,12653.21343
180602,33934.18082
190301,42030.04545
190302,40888.48292
190303,41305.90166
194201,40947.08434
141300,7454.341882
141500,7112.802709
142500,8036.820109
351500,28054.04097
346102,48008.44675
352702,24021.10404
351700,6527.818352
351800,20853.84474
165100,20113.05924
165200,61755.02473
165300,40999.73022
165400,22174.89107
351601,16867.34021
351900,31276.47908
352000,36862.96905
352100,25476.10667
352200,10340.99431
352300,14587.78998
352400,13977.22069
352500,17826.22405
165500,14856.769
165600,27737.14015
165700,30857.24683
165801,22749.84139
167201,27714.28057
165802,34280.73706
352600,17833.55307
352800,18565.24768
154100,14535.37457
154200,20796.59471
165900,50837.44082
166001,20847.2367
166002,29285.7137
194202,43727.9836
170100,6444.455007
170300,6880.397213
343101,48891.74642
170400,27752.60135
154600,21395.54814
154900,18569.4831
361100,37733.146
990000,0
361200,28464.41157
361300,38670.66298
160100,54334.3215
160200,46995.00234
343102,43076.84949
142604,10384.87163
130102,33105.7633
130101,22332.107
170600,17340.39685
170700,29081.61921
170800,15277.83988
170900,9974.08461
171000,1014.46079
361402,6276.736413
348122,56415.90725
348123,36709.0242
348124,12821.64254
348125,11778.7448
361401,4479.042527
142603,3808.163292
361500,16282.65554
171100,30120.70908
171200,36210.48027
171300,26310.53261
171400,9920.608781
171500,15838.71604
171600,32148.75433
171700,31439.51562
175800,45975.12298
344100,39951.62776
344200,40397.84052
150300,26300.43275
150600,34475.5026
150700,41252.9075
150800,30938.81171
151200,32745.99073
345100,27278.14911
345201,25938.28704
345202,32946.35858
